"id","postime","lon","lat","cog","source"
"860057068454239","2025-05-23 19:01:55","108.98943233","18.36193533","0.0",b4g2g
"860057068480218","2025-05-23 18:59:02","108.9873585","18.3633495","0.0",b4g2g
"860057068480358","2025-05-23 18:59:30","109.13473453","18.14984651","0.0",b4g2g
"863963065421559","2025-05-23 19:01:32","108.98727683","18.3628905","0.0",b4g2g
"866718066723818","2025-05-23 19:00:46","109.12427817","18.35914833","0.0",b4g2g
"866718066724642","2025-05-23 19:02:46","109.71792533","18.26401167","0.0",b4g2g
"866718066724857","2025-05-23 19:00:43","109.71788617","18.26526683","0.0",b4g2g
"866718066725052","2025-05-23 19:00:27","109.13628633","18.345056","0.0",b4g2g
"866718066725136","2025-05-23 19:00:32","109.71889033","18.2631305","0.0",b4g2g
"866718066725177","2025-05-23 18:52:29","109.49622873","18.24135943","0.0",b4g2g
"866718066725367","2025-05-23 19:00:30","109.12175883","18.3533825","0.0",b4g2g
"866718066725375","2025-05-23 19:00:55","109.71820367","18.2638085","0.0",b4g2g
"866718066725441","2025-05-23 18:59:02","109.13697817","18.35061467","0.0",b4g2g
"866718066725581","2025-05-23 18:41:28","109.71964782","18.26286497","0.0",b4g2g
"866718066725839","2025-05-23 18:53:29","109.55965067","18.23782113","0.0",b4g2g
"866718066725938","2025-05-23 18:56:02","109.12451817","18.36240217","0.0",b4g2g
"866718066725946","2025-05-23 18:58:16","109.71111983","18.26368483","0.0",b4g2g
"866718066726019","2025-05-23 18:59:30","109.13043853","18.35417764","0.0",b4g2g
"866718066726068","2025-05-23 19:01:23","109.72141633","18.26209383","0.0",b4g2g
"866718066726092","2025-05-23 19:00:51","109.1250535","18.35128033","0.0",b4g2g
"866718066726209","2025-05-23 18:36:28","109.72130826","18.26288776","0.0",b4g2g
"866718066726233","2025-05-23 18:37:58","109.12994652","18.35373869","0.0",b4g2g
"866718066726266","2025-05-23 19:00:02","109.71995617","18.262724","0.0",b4g2g
"866718066726704","2025-05-23 19:02:02","109.12356983","18.3611365","0.0",b4g2g
"866718066726803","2025-05-23 18:59:15","109.12445233","18.36276033","0.0",b4g2g
"866718066726852","2025-05-23 19:00:45","109.123998","18.36039017","0.0",b4g2g
"866718066726902","2025-05-23 19:01:00","109.13111955","18.35460373","0.0",b4g2g
"866718066727249","2025-05-23 18:36:28","109.12976918","18.35329329","0.0",b4g2g
"866718066728098","2025-05-23 18:45:28","108.86625745","18.43759132","0.0",b4g2g
"866718066728296","2025-05-23 18:51:59","109.71841119","18.26450969","0.0",b4g2g
"866718066728403","2025-05-23 18:58:02","109.12372633","18.35723967","0.0",b4g2g
"866718066728452","2025-05-23 19:02:16","109.12500967","18.361983","0.0",b4g2g
"866718066728668","2025-05-23 18:38:58","109.12294451","18.35908308","0.0",b4g2g
"866718066728791","2025-05-23 18:59:02","109.12428933","18.354591","0.0",b4g2g
"866718066728908","2025-05-23 18:59:32","108.86531717","18.43694783","0.0",b4g2g
"866718066729062","2025-05-23 18:59:40","108.98948483","18.3645015","0.0",b4g2g
"866718066729138","2025-05-23 19:02:30","109.71889926","18.26298261","0.0",b4g2g
"866718066729203","2025-05-23 19:01:00","108.957043","18.40577967","0.0",b4g2g
"866718066729260","2025-05-23 18:38:28","109.12577207","18.35111624","0.0",b4g2g
"866718066729336","2025-05-23 18:59:21","109.11669817","18.3535995","0.0",b4g2g
"866718066729781","2025-05-23 19:02:02","108.86705867","18.43197517","0.0",b4g2g
"866718066731167","2025-05-23 18:59:50","108.98884967","18.36106817","0.0",b4g2g
"866718066731381","2025-05-23 18:59:02","109.71891133","18.263196","0.0",b4g2g
"866718066731415","2025-05-23 18:58:32","109.12470983","18.35104417","0.0",b4g2g
"866718066731803","2025-05-23 19:02:02","109.12453733","18.35898483","0.0",b4g2g
"866718066731985","2025-05-23 18:36:58","109.7185319","18.26335314","0.0",b4g2g
"866718066732066","2025-05-23 18:40:28","109.12613857","18.35099088","0.0",b4g2g
"866718066733692","2025-05-23 18:45:59","109.1243417","18.362488","0.0",b4g2g
"866718066733999","2025-05-23 19:00:58","109.722357","18.2625475","0.0",b4g2g
"866718066734047","2025-05-23 19:03:01","109.12280667","18.35524383","0.0",b4g2g
"866718066734088","2025-05-23 18:59:28","109.72000283","18.26274917","0.0",b4g2g
"866718066735697","2025-05-23 18:33:57","109.13372759","18.35699651","0.0",b4g2g
"866718066735895","2025-05-23 18:41:58","108.98923751","18.36407839","0.0",b4g2g
"866718066736166","2025-05-23 18:47:32","108.93130467","18.41309333","0.0",b4g2g
"866718066736265","2025-05-23 18:59:03","109.12465","18.3509735","0.0",b4g2g
"866718066736802","2025-05-23 18:53:59","108.96195562","18.39852914","0.0",b4g2g
"866718066736869","2025-05-23 18:57:01","109.708971","18.26079183","0.0",b4g2g
"866718066737438","2025-05-23 19:02:02","109.124689","18.36218033","0.0",b4g2g
"866718066737545","2025-05-23 18:59:01","109.708047","18.26146333","0.0",b4g2g
"866718066737719","2025-05-23 18:37:28","109.12224797","18.35334243","0.0",b4g2g
"866718066737750","2025-05-23 18:39:28","109.13045977","18.35383933","0.0",b4g2g
"866718066737867","2025-05-23 18:44:58","109.13008817","18.35392469","0.0",b4g2g
"866718066737891","2025-05-23 19:01:32","109.13303933","18.35647033","0.0",b4g2g
"866718066738022","2025-05-23 19:01:02","109.12446067","18.35901533","0.0",b4g2g
"866718066738188","2025-05-23 19:00:40","108.98958867","18.3644855","0.0",b4g2g
"866718066738238","2025-05-23 18:59:39","109.71673767","18.263906","0.0",b4g2g
"866718066738287","2025-05-23 18:35:58","109.12994048","18.35313101","0.0",b4g2g
"866718066738410","2025-05-23 19:01:55","109.13458517","18.35839617","0.0",b4g2g
"866718066738444","2025-05-23 18:43:58","108.96182107","18.39860823","0.0",b4g2g
"866718066738527","2025-05-23 19:01:02","109.13413067","18.35736933","0.0",b4g2g
"866718066738774","2025-05-23 19:00:00","109.71850393","18.26432491","0.0",b4g2g
"866718066738782","2025-05-23 19:00:30","109.7151445","18.26352326","0.0",b4g2g
"866718066738907","2025-05-23 18:36:28","109.48426065","18.25194151","0.0",b4g2g
"866718066738998","2025-05-23 18:39:58","109.49937512","18.2871732","0.0",b4g2g
"866718066739038","2025-05-23 19:01:19","109.71842067","18.26302483","0.0",b4g2g
"866718066739137","2025-05-23 18:46:59","109.72149951","18.26184282","0.0",b4g2g
"866718066739194","2025-05-23 18:49:59","108.95829879","18.40003722","0.0",b4g2g
"866718066739327","2025-05-23 18:56:00","108.98733515","18.3626465","0.0",b4g2g
"866718066739350","2025-05-23 18:57:30","109.72223628","18.26199768","0.0",b4g2g
"866718066739376","2025-05-23 18:51:53","109.1263135","18.350863","0.0",b4g2g
"866718066739467","2025-05-23 19:03:01","109.1158922","18.35313806","0.0",b4g2g
"866718066739533","2025-05-23 19:01:45","108.955288","18.40542683","0.0",b4g2g
"866718066739673","2025-05-23 18:42:58","109.13082217","18.35429453","0.0",b4g2g
"866718066739913","2025-05-23 18:52:59","108.86567626","18.43716976","0.0",b4g2g
"866718066739947","2025-05-23 18:54:29","108.93386686","18.4111295","0.0",b4g2g
"866718066740184","2025-05-23 18:57:30","108.93093812","18.4132038","0.0",b4g2g
"866718066740390","2025-05-23 18:56:03","109.12479333","18.35113783","0.0",b4g2g
"866718066740416","2025-05-23 18:58:10","109.13337117","18.3571195","0.0",b4g2g
"866718066763046","2025-05-23 19:01:28","109.12583967","18.35106217","0.0",b4g2g
"866718066765926","2025-05-23 19:00:00","109.1307291","18.35408793","0.0",b4g2g
"866718066767252","2025-05-23 18:37:58","108.86801187","18.43163959","0.0",b4g2g
"866718066767302","2025-05-23 19:02:58","109.123361","18.355864","0.0",b4g2g
"866718066770983","2025-05-23 18:59:23","109.12484383","18.3617815","0.0",b4g2g
"866718066775834","2025-05-23 18:59:27","109.13333367","18.3570565","0.0",b4g2g
"866718066775941","2025-05-23 18:59:51","108.98930567","18.3622045","0.0",b4g2g
"866718066779893","2025-05-23 19:01:18","109.13462467","18.35861817","0.0",b4g2g
"866718066781808","2025-05-23 18:59:31","109.7180435","18.263832","0.0",b4g2g
"866718066783390","2025-05-23 19:00:54","109.12556167","18.35104317","0.0",b4g2g
"866718066783788","2025-05-23 18:59:02","109.71039167","18.260733","0.0",b4g2g
"866718066783820","2025-05-23 18:59:00","109.11527797","18.35474193","0.0",b4g2g
"866718066784240","2025-05-23 19:01:16","109.13317783","18.3566955","0.0",b4g2g
"866718066784265","2025-05-23 18:38:58","109.11570057","18.35306567","0.0",b4g2g
"866718066784307","2025-05-23 18:58:29","109.12487767","18.351209","0.0",b4g2g
"866718066784653","2025-05-23 19:00:43","109.1255355","18.35111033","0.0",b4g2g
"866718066785197","2025-05-23 18:48:29","109.00382102","18.35306409","0.0",b4g2g
"866718066785254","2025-05-23 19:02:28","109.72188467","18.26266317","0.0",b4g2g
"866718066785411","2025-05-23 18:59:00","109.12514647","18.35086955","0.0",b4g2g
"866718066786047","2025-05-23 18:59:32","109.12560417","18.351144","0.0",b4g2g
"866718066786138","2025-05-23 19:03:01","108.86596822","18.43736571","0.0",b4g2g
"866718066786294","2025-05-23 19:02:46","109.11567267","18.35426183","0.0",b4g2g
"866718066786526","2025-05-23 18:59:56","109.12477633","18.35393567","0.0",b4g2g
"866718066786633","2025-05-23 18:58:59","109.71797883","18.26517133","0.0",b4g2g
"866718066786781","2025-05-23 19:00:25","109.12347317","18.35103417","0.0",b4g2g
"866718066790213","2025-05-23 18:49:59","109.49944606","18.28710419","0.0",b4g2g
"866718066792102","2025-05-23 19:01:02","108.95864867","18.400336","243.7",b4g2g
"866718066792599","2025-05-23 18:52:59","109.13164976","18.35260245","0.0",b4g2g
"866718066800947","2025-05-23 19:03:01","109.49649159","18.29295973","0.0",b4g2g
"866718066801259","2025-05-23 18:58:29","109.124738","18.35116033","0.0",b4g2g
"866718066801515","2025-05-23 18:48:29","109.12538023","18.35133298","0.0",b4g2g
"866718066801747","2025-05-23 19:01:24","109.1260705","18.35094267","0.0",b4g2g
"866718066801812","2025-05-23 18:57:00","108.86648432","18.43222172","0.0",b4g2g
"866718066802190","2025-05-23 19:01:46","108.865296","18.43687083","0.0",b4g2g
"866718066802273","2025-05-23 18:45:59","108.98736226","18.36710406","0.0",b4g2g
"866718066802737","2025-05-23 18:33:57","109.7178836","18.26343239","0.0",b4g2g
"866718066802968","2025-05-23 18:42:28","109.71978125","18.26277529","0.0",b4g2g
"866718066803123","2025-05-23 18:48:29","109.13037648","18.35395255","0.0",b4g2g
"866718066803305","2025-05-23 18:57:30","109.72082971","18.26176892","0.0",b4g2g
"866718066803396","2025-05-23 19:01:29","108.86588383","18.43709483","0.0",b4g2g
"866718066803404","2025-05-23 19:03:00","109.719178","18.2630905","0.0",b4g2g
"866718066803420","2025-05-23 18:33:27","109.70896482","18.26075","0.0",b4g2g
"866718066804055","2025-05-23 18:52:29","109.12537645","18.35093697","0.0",b4g2g
"866718066804741","2025-05-23 19:00:43","109.124433","18.35656917","0.0",b4g2g
"866718066804865","2025-05-23 19:00:54","109.12460383","18.35955717","0.0",b4g2g
"866718066805334","2025-05-23 18:56:00","109.13019145","18.35312617","0.0",b4g2g
"866718066806688","2025-05-23 18:59:01","109.71913267","18.26317217","0.0",b4g2g
"866718066806894","2025-05-23 18:44:58","109.1213671","18.35347099","0.0",b4g2g
"866718066807108","2025-05-23 18:55:29","109.13118458","18.3544215","0.0",b4g2g
"866718066807207","2025-05-23 18:59:21","109.1261265","18.35096467","0.0",b4g2g
"866718066807272","2025-05-23 18:59:16","109.71856883","18.26323933","0.0",b4g2g
"866718066807306","2025-05-23 19:02:04","108.98906783","18.36169","0.0",b4g2g
"866718066807314","2025-05-23 18:35:58","109.72236969","18.26210236","0.0",b4g2g
"866718066807413","2025-05-23 19:00:52","109.719958","18.26242417","0.0",b4g2g
"866718066807611","2025-05-23 18:50:29","108.96008773","18.39885315","0.0",b4g2g
"866718066807702","2025-05-23 18:58:17","109.123151","18.35580833","0.0",b4g2g
"866718066807793","2025-05-23 18:59:30","109.13084355","18.35332913","0.0",b4g2g
"866718066808163","2025-05-23 19:00:16","109.7224455","18.26192783","0.0",b4g2g
"866718066808312","2025-05-23 18:53:29","108.98877851","18.36042973","0.0",b4g2g
"866718066808452","2025-05-23 18:59:13","109.72218267","18.26201617","0.0",b4g2g
"866718066808734","2025-05-23 19:01:31","109.124469","18.3527585","0.0",b4g2g
"866718066808775","2025-05-23 19:01:46","109.12449533","18.3627485","0.0",b4g2g
"866718066808809","2025-05-23 18:46:29","109.13390915","18.3571245","0.0",b4g2g
"866718066808817","2025-05-23 18:46:59","109.72154963","18.26204858","0.0",b4g2g
"866718066808957","2025-05-23 19:01:32","109.1240785","18.359068","0.0",b4g2g
"866718066809138","2025-05-23 19:02:00","109.12340483","18.35532863","0.0",b4g2g
"866718066809161","2025-05-23 19:01:01","109.70955967","18.260789","0.0",b4g2g
"866718066809500","2025-05-23 19:01:00","108.98929733","18.36459233","0.0",b4g2g
"866718066815606","2025-05-23 18:59:17","109.12458","18.36288617","0.0",b4g2g
"866718066815853","2025-05-23 19:02:16","108.9893775","18.36222817","0.0",b4g2g
"866718066815937","2025-05-23 19:01:16","109.133714","18.35713017","0.0",b4g2g
"866718066815994","2025-05-23 18:59:10","109.56186","18.20784433","0.0",b4g2g
"866718066816232","2025-05-23 18:52:59","109.12966932","18.35343922","0.0",b4g2g
"866718066816265","2025-05-23 18:54:29","109.12558687","18.35112901","0.0",b4g2g
"866718066816968","2025-05-23 19:01:32","109.12473633","18.353886","0.0",b4g2g
"866718066817016","2025-05-23 19:02:59","109.71853583","18.263455","0.0",b4g2g
"866718066817073","2025-05-23 19:00:02","109.71824033","18.2633235","0.0",b4g2g
"866718066817198","2025-05-23 19:01:58","109.12503833","18.35131583","0.0",b4g2g
"866718066819053","2025-05-23 19:01:32","109.13455083","18.357996","0.0",b4g2g
"866718066820374","2025-05-23 18:33:27","109.72148765","18.2621481","0.0",b4g2g
"866718066821034","2025-05-23 18:40:28","109.13825185","18.35686609","0.0",b4g2g
"866718066821125","2025-05-23 19:02:23","109.71859083","18.2634705","0.0",b4g2g
"866718066821216","2025-05-23 19:02:48","109.12442767","18.35552233","0.0",b4g2g
"866718066821901","2025-05-23 19:01:46","108.95488133","18.405315","0.0",b4g2g
"866718066822404","2025-05-23 18:58:11","109.123334","18.356673","0.0",b4g2g
"866718066823337","2025-05-23 18:35:58","108.95675445","18.40548664","0.0",b4g2g
"866718066823345","2025-05-23 18:59:20","109.12441383","18.35902617","0.0",b4g2g
"866718066823816","2025-05-23 19:02:00","108.9567395","18.40571433","0.0",b4g2g
"866718066823857","2025-05-23 18:51:29","109.13062763","18.35430804","0.0",b4g2g
"866718066824137","2025-05-23 19:00:58","109.72224967","18.26181317","0.0",b4g2g
"866718066824467","2025-05-23 19:01:58","109.12382833","18.352956","0.0",b4g2g
"866718066824483","2025-05-23 18:59:58","109.716622","18.2770265","0.0",b4g2g
"866718066825605","2025-05-23 18:45:28","109.12493564","18.35429052","0.0",b4g2g
"866718066825688","2025-05-23 19:01:15","109.70884483","18.2621985","0.0",b4g2g
"866718066832163","2025-05-23 19:01:30","109.13095352","18.35431738","0.0",b4g2g
"866718066832270","2025-05-23 19:02:32","109.13474833","18.36233817","0.0",b4g2g
"866718066834748","2025-05-23 18:59:56","109.7111755","18.26105117","0.0",b4g2g
"866718066835091","2025-05-23 18:59:30","109.72224766","18.26110403","0.0",b4g2g
"866718066835612","2025-05-23 18:42:58","109.12383719","18.35460087","0.0",b4g2g
"866718066835802","2025-05-23 19:02:53","109.70886867","18.2622285","0.0",b4g2g
"866718066836412","2025-05-23 19:02:10","109.12086233","18.35585867","0.0",b4g2g
"866718066836602","2025-05-23 18:58:36","109.12294217","18.35811433","0.0",b4g2g
"866718066836834","2025-05-23 18:33:27","108.92795179","18.41308403","0.0",b4g2g
"866718066836982","2025-05-23 18:35:28","109.71727767","18.26332521","0.0",b4g2g
"866718066837097","2025-05-23 18:59:45","108.95492583","18.40532267","0.0",b4g2g
"866718066837154","2025-05-23 18:43:58","109.13010462","18.35288283","0.0",b4g2g
"866718066837519","2025-05-23 19:00:18","109.72139967","18.2618865","0.0",b4g2g
"866718066837717","2025-05-23 18:58:31","109.13450367","18.35812333","0.0",b4g2g
"866718066837907","2025-05-23 18:49:59","108.86703117","18.43220149","0.0",b4g2g
"866718066837980","2025-05-23 18:53:59","109.13040589","18.35391056","0.0",b4g2g
"866718066838475","2025-05-23 19:00:53","109.12463817","18.35958267","0.0",b4g2g
"866718066838749","2025-05-23 19:01:45","109.11651683","18.3538275","0.0",b4g2g
"866718066838897","2025-05-23 18:59:31","109.1254565","18.35121583","0.0",b4g2g
"866718066839010","2025-05-23 18:36:58","109.71109886","18.26083045","0.0",b4g2g
"866718066839549","2025-05-23 18:59:57","108.989306","18.3638735","0.0",b4g2g
"866718066854696","2025-05-23 19:01:27","109.1303825","18.35281283","0.0",b4g2g
"866718066854860","2025-05-23 19:00:24","109.12457367","18.35456517","0.0",b4g2g
"866718066854936","2025-05-23 19:02:30","109.72203016","18.26127422","0.0",b4g2g
"866718066855982","2025-05-23 18:48:29","109.56127241","18.2363332","0.0",b4g2g
"866718066867920","2025-05-23 18:59:40","109.71846883","18.26459817","0.0",b4g2g
"866718066868118","2025-05-23 18:36:28","109.71903153","18.26293706","0.0",b4g2g
"866718066868142","2025-05-23 18:59:52","109.717879","18.26533683","0.0",b4g2g
"866718066868589","2025-05-23 19:00:16","108.8653205","18.43672267","0.0",b4g2g
"866718066868670","2025-05-23 19:01:46","109.130335","18.35275517","0.0",b4g2g
"866718066868753","2025-05-23 18:35:58","109.13512043","18.36209813","0.0",b4g2g
"866718066868985","2025-05-23 18:44:58","109.72488767","18.27734337","0.0",b4g2g
"866718066869330","2025-05-23 19:00:00","109.71038977","18.26081675","0.0",b4g2g
"866718066869595","2025-05-23 18:40:58","109.13026871","18.35368928","0.0",b4g2g
"866718066869637","2025-05-23 18:42:58","108.86620351","18.43211886","0.0",b4g2g
"866718066869728","2025-05-23 18:46:59","108.86775873","18.431735","0.0",b4g2g
"866718066870809","2025-05-23 19:00:45","108.86586667","18.4373845","0.0",b4g2g
"866718066870833","2025-05-23 19:00:41","109.12374667","18.36102117","0.0",b4g2g
"866718066871559","2025-05-23 18:47:59","109.1252757","18.3510027","0.0",b4g2g
"866718066871898","2025-05-23 19:01:30","108.98793814","18.3658882","0.0",b4g2g
"866718066872052","2025-05-23 18:39:28","108.86615977","18.43749439","0.0",b4g2g
"866718066872110","2025-05-23 19:01:16","109.12457583","18.36268917","0.0",b4g2g
"866718066872672","2025-05-23 18:46:59","109.71807857","18.26363878","0.0",b4g2g
"866718066873415","2025-05-23 19:01:56","109.71847783","18.26331167","0.0",b4g2g
"866718066873530","2025-05-23 19:02:53","109.12448767","18.36251183","0.0",b4g2g
"866718066873589","2025-05-23 18:57:46","109.11488083","18.35418233","0.0",b4g2g
"866718066873985","2025-05-23 18:45:59","108.98911957","18.36242108","0.0",b4g2g
"866718066874116","2025-05-23 18:52:29","108.98777792","18.3666984","0.0",b4g2g
"866718066874355","2025-05-23 18:58:51","109.718167","18.2632565","0.0",b4g2g
"866718066874892","2025-05-23 18:59:50","109.7171355","18.26346183","0.0",b4g2g
"866718066875659","2025-05-23 19:02:30","108.98893816","18.3660631","0.0",b4g2g
"866718066876087","2025-05-23 18:59:02","109.717497","18.2636535","0.0",b4g2g
"866718066876988","2025-05-23 18:59:57","109.718722","18.26318783","0.0",b4g2g
"866718066877408","2025-05-23 19:00:29","108.95702017","18.40635667","0.0",b4g2g
"866718066877424","2025-05-23 19:01:02","109.71904883","18.26321183","0.0",b4g2g
"866718066877432","2025-05-23 19:01:14","109.11676133","18.35357467","0.0",b4g2g
"866718066877507","2025-05-23 18:57:30","109.50001266","18.23995339","0.0",b4g2g
"866718066877721","2025-05-23 18:59:55","109.13427733","18.35768183","0.0",b4g2g
"866718066877747","2025-05-23 19:00:39","109.12466217","18.35087517","0.0",b4g2g
"866718066877911","2025-05-23 19:00:00","109.71760933","18.26359767","0.0",b4g2g
"866718066878521","2025-05-23 18:40:58","109.13739739","18.33697317","0.0",b4g2g
"866718066878539","2025-05-23 18:41:28","108.95663775","18.40543303","0.0",b4g2g
"866718066880378","2025-05-23 19:00:48","109.7208395","18.26190167","0.0",b4g2g
"866718066880402","2025-05-23 18:48:10","109.12474383","18.36102017","0.0",b4g2g
"866718066880600","2025-05-23 19:02:19","109.718641","18.26339517","0.0",b4g2g
"866718066880790","2025-05-23 18:42:28","109.56049716","18.23843988","0.0",b4g2g
"866718066880857","2025-05-23 18:44:58","108.9566752","18.40556513","0.0",b4g2g
"866718066880972","2025-05-23 18:58:53","109.717627","18.26338683","0.0",b4g2g
"866718066881095","2025-05-23 18:51:29","109.7252103","18.27691612","0.0",b4g2g
"866718066881111","2025-05-23 18:15:32","108.989262","18.364352","0.0",b4g2g
"866718066881129","2025-05-23 19:02:32","109.72037433","18.26226683","0.0",b4g2g
"866718066884974","2025-05-23 18:53:10","109.13430933","18.35752333","0.0",b4g2g
"866718066885567","2025-05-23 19:00:32","109.124709","18.35100867","0.0",b4g2g
"866718066886920","2025-05-23 18:56:00","109.49647821","18.29277369","0.0",b4g2g
"866718066893397","2025-05-23 18:58:16","109.488478","18.251141","0.0",b4g2g
"866718066899790","2025-05-23 19:02:30","109.12497587","18.36184302","0.0",b4g2g
"866718066900655","2025-05-23 18:59:16","108.931522","18.41300333","0.0",b4g2g
"866718066900739","2025-05-23 19:01:24","109.6088435","18.2172575","0.0",b4g2g
"866718066900978","2025-05-23 18:50:59","109.13047481","18.35349077","0.0",b4g2g
"866718066908781","2025-05-23 19:00:15","109.71036233","18.26075483","0.0",b4g2g
"866718066908955","2025-05-23 18:59:32","109.72200717","18.26220383","0.0",b4g2g
"866718066909102","2025-05-23 18:57:15","109.12473317","18.36094067","0.0",b4g2g
"866718066909326","2025-05-23 18:58:32","109.12491617","18.35384667","0.0",b4g2g
"866718066912668","2025-05-23 19:01:20","109.1239285","18.3555675","0.0",b4g2g
"866718066912858","2025-05-23 18:58:30","108.9585565","18.40052187","0.0",b4g2g
"866718066912866","2025-05-23 18:58:31","108.96112767","18.39873033","0.0",b4g2g
"866718066913005","2025-05-23 18:35:28","108.93077582","18.41304653","0.0",b4g2g
"866718066913104","2025-05-23 19:00:29","109.7196965","18.26288733","0.0",b4g2g
"866718066913302","2025-05-23 18:58:53","109.71896883","18.26325433","0.0",b4g2g
"866718066913591","2025-05-23 18:59:32","108.9891795","18.361884","0.0",b4g2g
"866718066913674","2025-05-23 18:37:58","109.13014058","18.35270046","0.0",b4g2g
"866718066913690","2025-05-23 18:38:58","109.71722911","18.26382848","0.0",b4g2g
"866718066913765","2025-05-23 19:00:02","109.72120617","18.2617805","0.0",b4g2g
"866718066913815","2025-05-23 19:02:34","109.71871567","18.263166","0.0",b4g2g
"866718066913849","2025-05-23 19:00:54","109.7188895","18.26274467","0.0",b4g2g
"866718066913864","2025-05-23 18:46:59","109.70985331","18.26066155","0.0",b4g2g
"866718066913898","2025-05-23 19:02:49","109.11585233","18.3540965","0.0",b4g2g
"866718066913955","2025-05-23 18:50:59","109.1220304","18.35734038","0.0",b4g2g
"866718066914037","2025-05-23 18:47:31","109.72188433","18.26247017","0.0",b4g2g
"866718066914284","2025-05-23 18:59:02","109.13324967","18.35685717","0.0",b4g2g
"866718066914409","2025-05-23 18:59:32","109.71801983","18.26377133","0.0",b4g2g
"866718066914458","2025-05-23 18:58:15","109.17303767","18.21388933","152.2",b4g2g
"866718066915158","2025-05-23 18:39:28","108.93154872","18.4129838","0.0",b4g2g
"866718066915224","2025-05-23 18:42:58","108.95971703","18.39976007","0.0",b4g2g
"866718066920109","2025-05-23 19:00:15","109.12435583","18.35458033","0.0",b4g2g
"866718066929977","2025-05-23 18:35:58","109.13281335","18.35555898","0.0",b4g2g
"866718066932138","2025-05-23 18:45:59","109.13054209","18.35329169","0.0",b4g2g
"866718066932492","2025-05-23 18:57:30","108.86530919","18.43673997","0.0",b4g2g
"866718066933896","2025-05-23 18:47:29","109.72055103","18.2621932","0.0",b4g2g
"866718066933920","2025-05-23 19:02:25","109.124628","18.3541265","0.0",b4g2g
"866718066934050","2025-05-23 18:54:29","109.12504676","18.35128393","0.0",b4g2g
"866718066934183","2025-05-23 19:00:30","108.98914536","18.36597687","0.0",b4g2g
"866718066934845","2025-05-23 18:25:17","109.12452083","18.362249","0.0",b4g2g
"866718066935537","2025-05-23 18:15:15","109.71831183","18.26484733","0.0",b4g2g
"866718066939901","2025-05-23 18:59:11","109.11685517","18.35351517","0.0",b4g2g
"866718066940818","2025-05-23 19:01:15","109.71867283","18.26329483","0.0",b4g2g
"866718066940909","2025-05-23 18:41:28","109.130268","18.35255881","0.0",b4g2g
"866718066941220","2025-05-23 19:00:45","109.7212005","18.261751","0.0",b4g2g
"866718066941329","2025-05-23 18:59:50","109.13416","18.357424","0.0",b4g2g
"866718066943101","2025-05-23 19:02:32","108.86709517","18.4321135","0.0",b4g2g
"866718066943531","2025-05-23 18:58:31","109.70985833","18.26067267","0.0",b4g2g
"866718066943622","2025-05-23 18:58:30","108.98951017","18.36462683","0.0",b4g2g
"866718066943671","2025-05-23 19:02:32","108.95908233","18.4079375","0.0",b4g2g
"866718066945080","2025-05-23 18:38:58","109.13403613","18.3574171","0.0",b4g2g
"866718066945163","2025-05-23 18:42:58","109.1249521","18.35117222","0.0",b4g2g
"866718066945353","2025-05-23 18:58:15","109.50195783","18.23162833","0.0",b4g2g
"866718066945767","2025-05-23 19:00:52","109.13451117","18.35855067","0.0",b4g2g
"866718066945866","2025-05-23 19:00:53","109.13471917","18.35870817","0.0",b4g2g
"866718066945874","2025-05-23 19:01:02","109.13945483","18.36761367","0.0",b4g2g
"866718066946096","2025-05-23 18:58:53","109.12355283","18.36119417","0.0",b4g2g
"866718066946237","2025-05-23 18:59:01","109.11517533","18.35384183","0.0",b4g2g
"866718066946278","2025-05-23 18:33:27","108.95946673","18.39992882","0.0",b4g2g
"866718066946716","2025-05-23 19:02:45","109.12449417","18.35421017","0.0",b4g2g
"866718066947102","2025-05-23 19:01:19","109.72177933","18.26249017","0.0",b4g2g
"866718066947367","2025-05-23 19:00:30","109.13390633","18.35720567","0.0",b4g2g
"866718066947672","2025-05-23 19:00:30","108.86578261","18.43216647","0.0",b4g2g
"866718066947714","2025-05-23 19:02:30","109.1306556","18.35367476","0.0",b4g2g
"866718066948167","2025-05-23 19:00:25","109.13340067","18.35687167","0.0",b4g2g
"866718066949801","2025-05-23 18:59:30","109.05452382","18.14683081","0.0",b4g2g
"866718066950841","2025-05-23 19:02:53","108.989046","18.3614935","0.0",b4g2g
"866718066951302","2025-05-23 18:52:59","109.1344944","18.35810818","0.0",b4g2g
"866718066951716","2025-05-23 18:59:19","109.13462233","18.35839017","0.0",b4g2g
"866718066951773","2025-05-23 18:45:59","109.56070661","18.23853547","0.0",b4g2g
"866718066952136","2025-05-23 19:01:32","109.7166535","18.27770967","0.0",b4g2g
"866718066952276","2025-05-23 19:01:30","109.12454117","18.3594465","0.0",b4g2g
"866718066957846","2025-05-23 18:59:46","109.7219295","18.26221817","0.0",b4g2g
"866718066959412","2025-05-23 19:00:00","109.52590652","18.29095663","0.0",b4g2g
"866718066959420","2025-05-23 19:00:30","109.72535972","18.2776956","0.0",b4g2g
"866718066959636","2025-05-23 18:58:46","109.7232665","18.26092","0.0",b4g2g
"866718066960469","2025-05-23 19:00:32","109.12484533","18.3537465","0.0",b4g2g
"866718066960725","2025-05-23 19:00:16","108.8667025","18.43229517","0.0",b4g2g
"866718066961012","2025-05-23 19:00:00","109.12966639","18.3531632","0.0",b4g2g
"866718066964685","2025-05-23 19:01:16","109.139533","18.36770333","0.0",b4g2g
"866718066964776","2025-05-23 18:59:36","109.12453833","18.3542565","0.0",b4g2g
"866718066964867","2025-05-23 19:02:02","109.12037583","18.35469967","0.0",b4g2g
"866718066965237","2025-05-23 18:58:30","109.13015187","18.35303503","0.0",b4g2g
"866718066965328","2025-05-23 19:00:00","109.55988383","18.23698049","0.0",b4g2g
"866718066965518","2025-05-23 18:59:18","108.98898983","18.36261367","0.0",b4g2g
"866718066973165","2025-05-23 18:44:02","109.13477","18.36238667","0.0",b4g2g
"866718066973454","2025-05-23 18:36:58","109.56061688","18.23836632","0.0",b4g2g
"866718066974023","2025-05-23 19:01:32","109.12501117","18.36189333","0.0",b4g2g
"866718066974486","2025-05-23 19:01:51","109.12601817","18.35088417","0.0",b4g2g
"866718066975400","2025-05-23 18:35:58","109.56029831","18.23843552","0.0",b4g2g
"866718066982620","2025-05-23 18:58:02","109.124354","18.35957867","0.0",b4g2g
"866718066982646","2025-05-23 19:02:29","109.70804317","18.26148733","0.0",b4g2g
"866718066982935","2025-05-23 19:01:30","109.71725983","18.26365668","0.0",b4g2g
"866718066983057","2025-05-23 18:33:57","109.70961982","18.26075708","0.0",b4g2g
"866718066983131","2025-05-23 18:35:58","109.71782562","18.26383547","0.0",b4g2g
"866718066985722","2025-05-23 19:01:04","109.12481633","18.35392133","0.0",b4g2g
"866718066986373","2025-05-23 18:59:01","109.13478183","18.36244383","0.0",b4g2g
"866718066986423","2025-05-23 19:02:02","108.9568105","18.40604017","0.0",b4g2g
"866718066986514","2025-05-23 18:58:22","108.86691983","18.432057","0.0",b4g2g
"866718066986670","2025-05-23 19:02:57","109.12477667","18.35096617","0.0",b4g2g
"866718066986720","2025-05-23 18:57:22","109.1244025","18.3591375","0.0",b4g2g
"866718067000398","2025-05-23 18:53:29","109.71790106","18.26530777","0.0",b4g2g
"866718067000448","2025-05-23 18:53:45","109.7218045","18.2623505","0.0",b4g2g
"866718067000505","2025-05-23 18:56:00","109.15047405","18.34031172","0.0",b4g2g
"866718067000844","2025-05-23 19:01:00","109.12351904","18.35763819","0.0",b4g2g
"866718067000919","2025-05-23 19:03:01","109.13066155","18.35411429","0.0",b4g2g
"866718067000968","2025-05-23 18:34:27","109.13329019","18.35593895","0.0",b4g2g
"866718067002360","2025-05-23 19:01:40","109.12507783","18.3619215","0.0",b4g2g
"866718067003525","2025-05-23 19:02:02","109.125095","18.36200567","0.0",b4g2g
"866718067008953","2025-05-23 19:00:56","108.989322","18.3651515","0.0",b4g2g
"866718067009159","2025-05-23 18:48:29","108.96154651","18.39881514","0.0",b4g2g
"866718067009373","2025-05-23 19:02:09","109.1246385","18.36079467","0.0",b4g2g
"866718067009456","2025-05-23 19:00:26","108.98939317","18.36428933","0.0",b4g2g
"866718067009530","2025-05-23 19:00:00","109.72214236","18.26168309","0.0",b4g2g
"866718067010025","2025-05-23 18:59:46","109.71621483","18.27699533","0.0",b4g2g
"866718067010108","2025-05-23 19:00:04","109.12273783","18.357934","0.0",b4g2g
"866718067010793","2025-05-23 19:00:00","109.71835064","18.26311919","0.0",b4g2g
"866718067011239","2025-05-23 18:59:00","109.719544","18.262957","0.0",b4g2g
"866718067011619","2025-05-23 19:00:30","108.95591134","18.40145564","0.0",b4g2g
"866718067011718","2025-05-23 18:56:24","109.12475533","18.35122867","0.0",b4g2g
"866718067011999","2025-05-23 19:02:57","109.7194525","18.26289883","0.0",b4g2g
"866718067012021","2025-05-23 19:02:18","109.71842417","18.26368133","0.0",b4g2g
"866718067013953","2025-05-23 19:00:20","109.12362083","18.361377","0.0",b4g2g
"866718067014258","2025-05-23 18:58:24","109.12558183","18.35081383","0.0",b4g2g
"866718067014308","2025-05-23 19:00:59","109.71870667","18.26314017","0.0",b4g2g
"866718067014753","2025-05-23 19:02:32","108.8670935","18.432046","0.0",b4g2g
"866718067014936","2025-05-23 18:59:16","109.48907217","18.25214717","0.0",b4g2g
"866718067015404","2025-05-23 19:00:12","109.718658","18.2633335","0.0",b4g2g
"866718067017160","2025-05-23 19:01:21","109.718469","18.26466567","0.0",b4g2g
"866718067017491","2025-05-23 18:38:28","109.12527723","18.35088184","0.0",b4g2g
"866718067017806","2025-05-23 19:02:15","109.718145","18.26388233","0.0",b4g2g
"866718067017947","2025-05-23 18:58:59","109.7196085","18.26299017","0.0",b4g2g
"866718067018622","2025-05-23 19:00:00","108.98875549","18.36078112","0.0",b4g2g
"866718067018663","2025-05-23 19:01:00","109.56065032","18.23818024","0.0",b4g2g
"866718067020016","2025-05-23 18:46:29","109.13088586","18.35433112","0.0",b4g2g
"866718067021378","2025-05-23 19:01:58","109.1252365","18.35122067","0.0",b4g2g
"866718067022921","2025-05-23 19:01:02","109.70868467","18.261335","0.0",b4g2g
"866718067022996","2025-05-23 18:59:18","109.72173467","18.2626685","0.0",b4g2g
"866718067023119","2025-05-23 19:01:02","109.12457133","18.35959767","0.0",b4g2g
"866718067023283","2025-05-23 19:01:19","109.12534833","18.35119467","0.0",b4g2g
"866718067023408","2025-05-23 18:56:30","109.71803017","18.26532667","0.0",b4g2g
"866718067025015","2025-05-23 18:59:56","109.1345755","18.35835183","0.0",b4g2g
"866718067025361","2025-05-23 18:57:30","109.12678419","18.34830719","0.0",b4g2g
"866718067025528","2025-05-23 18:48:32","109.71745383","18.263438","0.0",b4g2g
"866718067025593","2025-05-23 18:33:57","109.71814388","18.26326489","0.0",b4g2g
"866718067028316","2025-05-23 18:58:02","109.13032083","18.35277267","0.0",b4g2g
"866718067028811","2025-05-23 18:46:59","109.12476994","18.3541676","0.0",b4g2g
"866718067029728","2025-05-23 18:37:28","108.866581","18.44057703","0.0",b4g2g
"866718067029777","2025-05-23 19:01:32","109.71957983","18.26292133","0.0",b4g2g
"866718067029819","2025-05-23 19:00:27","109.13345433","18.356997","0.0",b4g2g
"866718067030619","2025-05-23 19:02:02","109.121377","18.35335483","0.0",b4g2g
"866718067031419","2025-05-23 19:00:02","109.716637","18.2777715","0.0",b4g2g
"866718067031468","2025-05-23 18:34:57","109.13138242","18.35381338","0.0",b4g2g
"866718067031484","2025-05-23 18:35:58","108.95964671","18.39992298","0.0",b4g2g
"866718067031880","2025-05-23 18:58:51","109.12352633","18.35110217","0.0",b4g2g
"866718067032466","2025-05-23 19:02:28","109.12268533","18.35786383","0.0",b4g2g
"866718067033043","2025-05-23 18:59:16","109.71861917","18.26335983","0.0",b4g2g
"866718067033076","2025-05-23 18:59:02","108.86616617","18.4374965","0.0",b4g2g
"866718067033712","2025-05-23 18:51:59","109.70906613","18.26083418","0.0",b4g2g
"866718067033951","2025-05-23 18:58:32","109.13014583","18.35270617","0.0",b4g2g
"866718067034025","2025-05-23 19:00:00","109.72429834","18.26099145","0.0",b4g2g
"866718067035311","2025-05-23 18:35:55","109.72033867","18.26243183","0.0",b4g2g
"866718067035816","2025-05-23 19:00:00","109.13058042","18.35433276","0.0",b4g2g
"866718067036343","2025-05-23 19:01:15","109.13382567","18.35718517","0.0",b4g2g
"866718067036574","2025-05-23 18:35:58","109.7195676","18.26335725","0.0",b4g2g
"866718067037028","2025-05-23 18:58:25","108.98909183","18.361796","0.0",b4g2g
"866718067037408","2025-05-23 19:01:21","109.124368","18.35465633","0.0",b4g2g
"866718067037549","2025-05-23 18:45:28","108.98954559","18.36498295","0.0",b4g2g
"866718067037564","2025-05-23 19:00:32","109.124493","18.3526315","0.0",b4g2g
"866718067037812","2025-05-23 19:00:02","108.86711983","18.43200117","0.0",b4g2g
"866718067037945","2025-05-23 18:59:32","109.57084433","18.20111117","0.0",b4g2g
"866718067038307","2025-05-23 19:02:46","109.720066","18.26274967","0.0",b4g2g
"866718067039396","2025-05-23 19:00:46","108.86799717","18.43179217","0.0",b4g2g
"866718067039412","2025-05-23 19:02:01","109.718704","18.2632425","0.0",b4g2g
"866718067039529","2025-05-23 19:00:57","109.1250055","18.35118083","0.0",b4g2g
"866718067039669","2025-05-23 19:02:31","109.13673233","18.3516255","0.0",b4g2g
"866718067040105","2025-05-23 18:44:58","109.71775217","18.26357459","0.0",b4g2g
"866718067040246","2025-05-23 18:50:29","109.12997438","18.35284992","0.0",b4g2g
"866718067040659","2025-05-23 18:59:30","109.71970897","18.26256766","0.0",b4g2g
"866718067040675","2025-05-23 19:00:30","109.13402747","18.35731814","0.0",b4g2g
"866718067041145","2025-05-23 19:00:01","108.95634983","18.40547733","0.0",b4g2g
"866718067041244","2025-05-23 19:01:16","108.93150733","18.41302633","0.0",b4g2g
"866718067041467","2025-05-23 19:02:58","109.71886817","18.26315167","0.0",b4g2g
"866718067042382","2025-05-23 18:59:14","108.9550065","18.40531517","0.0",b4g2g
"866718067042564","2025-05-23 18:54:46","109.12441567","18.35964017","0.0",b4g2g
"866718067042838","2025-05-23 19:02:32","109.48921033","18.250384","0.0",b4g2g
"866718067042861","2025-05-23 18:33:57","109.71859485","18.26336644","0.0",b4g2g
"866718067043422","2025-05-23 19:01:32","109.71800033","18.26341233","0.0",b4g2g
"866718067043448","2025-05-23 18:49:29","109.13086992","18.35347664","0.0",b4g2g
"866718067045740","2025-05-23 18:59:52","108.98954333","18.364919","0.0",b4g2g
"866718067046052","2025-05-23 18:36:28","108.93149915","18.41184389","0.0",b4g2g
"866718067046094","2025-05-23 18:37:58","109.72115686","18.26285727","0.0",b4g2g
"866718067046516","2025-05-23 18:58:25","109.12572333","18.351087","0.0",b4g2g
"866718067046888","2025-05-23 19:01:01","108.95506083","18.40541617","0.0",b4g2g
"866718067047175","2025-05-23 18:39:58","109.12335516","18.35549503","0.0",b4g2g
"866718067047373","2025-05-23 18:58:28","109.7204305","18.26213983","0.0",b4g2g
"866718067047399","2025-05-23 18:49:59","109.1302933","18.35409677","0.0",b4g2g
"866718067047456","2025-05-23 18:52:29","109.71825466","18.26490411","0.0",b4g2g
"866718067047530","2025-05-23 18:56:30","109.11531529","18.35366053","0.0",b4g2g
"866718067047712","2025-05-23 18:34:27","108.86629009","18.43753018","0.0",b4g2g
"866718067047746","2025-05-23 19:01:16","109.48930583","18.2513095","0.0",b4g2g
"866718067048553","2025-05-23 18:38:58","108.86676582","18.43214671","0.0",b4g2g
"866718067048561","2025-05-23 19:02:06","109.12385367","18.361197","0.0",b4g2g
"866718067048819","2025-05-23 19:02:40","108.95667233","18.40536633","0.0",b4g2g
"866718067048876","2025-05-23 18:53:29","109.71887292","18.26324386","0.0",b4g2g
"866718067048975","2025-05-23 18:17:31","109.12577617","18.35106","0.0",b4g2g
"866718067049023","2025-05-23 19:01:21","109.72048683","18.26237567","0.0",b4g2g
"866718067049536","2025-05-23 19:02:40","109.1248285","18.353797","0.0",b4g2g
"866718067049650","2025-05-23 19:02:45","108.9891755","18.3645145","0.0",b4g2g
"866718067049692","2025-05-23 18:59:32","108.95536267","18.405521","0.0",b4g2g
"866718067049700","2025-05-23 19:02:01","108.98939917","18.36488767","0.0",b4g2g
"866718067049775","2025-05-23 18:59:32","109.13447017","18.35788867","0.0",b4g2g
"866718067049817","2025-05-23 18:38:58","109.12329023","18.3568186","0.0",b4g2g
"866718067049874","2025-05-23 19:01:31","109.72059133","18.2622425","0.0",b4g2g
"866718067049908","2025-05-23 18:58:02","108.95522233","18.40481717","0.0",b4g2g
"866718067050138","2025-05-23 18:53:29","109.7206959","18.26338783","0.0",b4g2g
"866718067050203","2025-05-23 18:58:45","109.71981317","18.2625945","0.0",b4g2g
"866718067050260","2025-05-23 18:59:02","108.93116233","18.41310383","0.0",b4g2g
"866718067050393","2025-05-23 18:33:57","109.72075891","18.26324142","0.0",b4g2g
"866718067050831","2025-05-23 18:57:56","108.9892915","18.365128","0.0",b4g2g
"866718067050856","2025-05-23 19:01:54","109.12075333","18.35591617","0.0",b4g2g
"866718067051409","2025-05-23 19:02:12","109.12470617","18.36170867","0.0",b4g2g
"866718067051433","2025-05-23 18:59:16","109.124594","18.36242683","0.0",b4g2g
"866718067051862","2025-05-23 18:33:27","109.1299281","18.35391847","0.0",b4g2g
"866718067052647","2025-05-23 19:01:02","109.1240605","18.348783","0.0",b4g2g
"866718067058735","2025-05-23 19:01:00","109.72130991","18.26180272","0.0",b4g2g
"866718067060046","2025-05-23 18:59:54","109.71978633","18.2629945","0.0",b4g2g
"866718067061945","2025-05-23 18:09:02","109.13321917","18.35679333","0.0",b4g2g
"866718067062877","2025-05-23 18:59:02","108.86645867","18.43180167","0.0",b4g2g
"866718067063297","2025-05-23 18:50:29","109.5665852","18.20637405","0.0",b4g2g
"866718067063859","2025-05-23 18:56:28","109.124922","18.3512815","0.0",b4g2g
"866718067064147","2025-05-23 19:00:40","109.71981083","18.26257983","0.0",b4g2g
"866718067064212","2025-05-23 19:02:27","109.1246435","18.3542705","0.0",b4g2g
"866718067066274","2025-05-23 19:01:45","109.12389167","18.36115283","0.0",b4g2g
"866718067066316","2025-05-23 18:47:59","109.13121344","18.3545504","0.0",b4g2g
"866718067066795","2025-05-23 19:01:02","109.71902133","18.26304833","0.0",b4g2g
"866718067067140","2025-05-23 18:59:21","109.72131017","18.2618395","0.0",b4g2g
"866718067067306","2025-05-23 18:58:02","108.95960283","18.40822233","0.0",b4g2g
"866718067067496","2025-05-23 18:37:28","109.71809936","18.26353909","0.0",b4g2g
"866718067067694","2025-05-23 18:39:58","108.93095218","18.41227553","0.0",b4g2g
"866718067069351","2025-05-23 19:02:59","109.124363","18.359507","0.0",b4g2g
"866718067072504","2025-05-23 19:01:32","109.124373","18.35641983","0.0",b4g2g
"866718067073106","2025-05-23 19:02:23","109.13456467","18.35823833","0.0",b4g2g
"866718067073379","2025-05-23 18:54:29","109.12331385","18.35056244","0.0",b4g2g
"866718067073437","2025-05-23 18:56:30","109.71763503","18.26321757","0.0",b4g2g
"866718067073569","2025-05-23 19:03:01","109.71985142","18.26241915","0.0",b4g2g
"866718067073577","2025-05-23 18:59:54","109.71780217","18.26358267","0.0",b4g2g
"866718067073668","2025-05-23 18:37:28","109.71796661","18.26352408","0.0",b4g2g
"866718067074096","2025-05-23 18:58:15","109.71896817","18.26312033","0.0",b4g2g
"866718067074260","2025-05-23 19:00:56","109.13318167","18.3567195","0.0",b4g2g
"866718067074310","2025-05-23 18:38:28","109.72059975","18.26339336","0.0",b4g2g
"866718067074450","2025-05-23 18:45:28","109.12337716","18.35619514","0.0",b4g2g
"866718067074609","2025-05-23 18:59:18","109.718394","18.26313267","0.0",b4g2g
"866718067074682","2025-05-23 18:57:00","109.12534645","18.35075815","0.0",b4g2g
"866718067074922","2025-05-23 19:01:46","108.86761917","18.43153383","0.0",b4g2g
"866718067075523","2025-05-23 19:00:43","109.7182045","18.26331617","0.0",b4g2g
"866718067075549","2025-05-23 18:44:58","109.71988867","18.26281597","0.0",b4g2g
"866718067075648","2025-05-23 19:00:50","108.95504767","18.40536483","0.0",b4g2g
"866718067076018","2025-05-23 18:37:28","109.72128091","18.26218714","0.0",b4g2g
"866718067076190","2025-05-23 18:45:59","109.12959256","18.35348173","0.0",b4g2g
"866718067076232","2025-05-23 19:01:32","109.72020383","18.26240583","0.0",b4g2g
"866718067084681","2025-05-23 18:35:58","109.12989428","18.35311745","0.0",b4g2g
"866718067084822","2025-05-23 18:42:58","109.71808914","18.26346466","0.0",b4g2g
"866718067088161","2025-05-23 18:03:10","109.12457267","18.35467783","0.0",b4g2g
"866718067094862","2025-05-23 18:43:15","109.71871233","18.26313267","0.0",b4g2g
"866718067095018","2025-05-23 18:58:24","109.12395367","18.361028","0.0",b4g2g
"866718067096073","2025-05-23 19:02:19","109.71793267","18.26325133","0.0",b4g2g
"866718067096818","2025-05-23 18:49:29","109.71790569","18.26525444","0.0",b4g2g
"866718067097030","2025-05-23 18:54:29","109.71081089","18.26103528","0.0",b4g2g
"866718067097105","2025-05-23 19:01:53","109.13291533","18.3564395","0.0",b4g2g
"866718067097543","2025-05-23 18:59:16","109.12122667","18.351947","0.0",b4g2g
"866718067097592","2025-05-23 19:00:15","109.12447083","18.35950133","0.0",b4g2g
"866718067098269","2025-05-23 18:59:57","109.71775967","18.26352133","0.0",b4g2g
"866718067098624","2025-05-23 19:00:34","109.12462117","18.35945967","0.0",b4g2g
"866718067101535","2025-05-23 19:00:32","108.86780317","18.43873267","0.0",b4g2g
"866718067101931","2025-05-23 18:50:59","109.12551505","18.35091238","0.0",b4g2g
"866718067102384","2025-05-23 18:57:00","109.49660672","18.29262178","0.0",b4g2g
"866718067105833","2025-05-23 18:41:28","109.13368182","18.35713411","0.0",b4g2g
"866718067108050","2025-05-23 18:51:59","109.12543196","18.35115871","0.0",b4g2g
"866718067108670","2025-05-23 18:46:59","108.93371957","18.41135566","0.0",b4g2g
"866718067108738","2025-05-23 18:49:59","109.72289623","18.26063746","0.0",b4g2g
"866718067108894","2025-05-23 18:59:30","109.715374","18.263941","0.0",b4g2g
"866718067109090","2025-05-23 19:01:31","109.12604683","18.35095767","0.0",b4g2g
"866718067109710","2025-05-23 19:01:32","109.13037467","18.3527825","0.0",b4g2g
"866718067109751","2025-05-23 18:58:32","109.72129933","18.262854","0.0",b4g2g
"866718067109777","2025-05-23 19:00:31","108.95477367","18.40523817","0.0",b4g2g
"866718067109793","2025-05-23 18:58:21","109.71802883","18.26370367","0.0",b4g2g
"866718067109884","2025-05-23 18:58:24","109.11702433","18.35347717","0.0",b4g2g
"866718067122184","2025-05-23 18:58:18","109.124734","18.35485983","0.0",b4g2g
"866718067122945","2025-05-23 19:01:15","109.71112833","18.26362917","0.0",b4g2g
"866718067122994","2025-05-23 19:02:31","109.7213005","18.26292683","0.0",b4g2g
"866718067123620","2025-05-23 19:01:00","109.72172328","18.26166401","0.0",b4g2g
"866718067123687","2025-05-23 19:03:01","109.71699379","18.26338807","0.0",b4g2g
"866718067123695","2025-05-23 18:33:27","109.71987107","18.26254947","0.0",b4g2g
"866718067123927","2025-05-23 18:58:45","108.989107","18.36189983","0.0",b4g2g
"866718067124149","2025-05-23 18:48:59","109.12556311","18.35097979","0.0",b4g2g
"866718067124537","2025-05-23 19:01:59","109.124283","18.358995","0.0",b4g2g
"866718067125013","2025-05-23 18:59:30","109.55855192","18.20891296","0.0",b4g2g
"866718067127167","2025-05-23 18:52:29","108.86726582","18.43875369","0.0",b4g2g
"866718067127274","2025-05-23 19:02:42","109.7182805","18.265078","0.0",b4g2g
"866718067127449","2025-05-23 18:34:57","109.71811654","18.26519675","0.0",b4g2g
"866718067127589","2025-05-23 19:01:16","109.72218783","18.2621095","0.0",b4g2g
"866718067132159","2025-05-23 18:59:59","109.13424317","18.35770333","0.0",b4g2g
"866718067133231","2025-05-23 18:52:59","108.86597143","18.43726445","0.0",b4g2g
"866718067133736","2025-05-23 18:37:28","108.95650826","18.40227201","0.0",b4g2g
"866718067133900","2025-05-23 18:59:48","109.12459533","18.35477383","0.0",b4g2g
"866718067137927","2025-05-23 18:46:29","109.71852994","18.26300547","0.0",b4g2g
"866718067138867","2025-05-23 19:02:31","109.72049783","18.26220183","0.0",b4g2g
"866718067139345","2025-05-23 19:01:32","109.1243685","18.35639433","0.0",b4g2g
"866718067139378","2025-05-23 19:01:00","109.12576508","18.3510862","0.0",b4g2g
"866718067139717","2025-05-23 18:42:28","109.67866426","18.03694111","0.0",b4g2g
"866718067140772","2025-05-23 18:47:29","108.86666039","18.43767744","0.0",b4g2g
"866718067146621","2025-05-23 19:01:29","109.12480133","18.35123417","0.0",b4g2g
"866718067146928","2025-05-23 18:50:59","109.72194484","18.26152632","0.0",b4g2g
"866718067147025","2025-05-23 18:56:00","109.12114581","18.3515707","0.0",b4g2g
"866718067147041","2025-05-23 19:01:02","108.98942133","18.36528817","0.0",b4g2g
"866718067147058","2025-05-23 18:57:00","109.1243341","18.35278647","0.0",b4g2g
"866718067147199","2025-05-23 19:03:01","109.1227163","18.34434167","0.0",b4g2g
"866718067147371","2025-05-23 18:56:02","109.717974","18.263348","0.0",b4g2g
"866718067147462","2025-05-23 18:59:32","108.98928867","18.36476683","0.0",b4g2g
"866718067147538","2025-05-23 18:43:58","109.12453784","18.35431486","0.0",b4g2g
"866718067147587","2025-05-23 18:59:25","109.125987","18.351135","0.0",b4g2g
"866718067147967","2025-05-23 19:00:32","109.72164567","18.2625815","0.0",b4g2g
"866718067148114","2025-05-23 18:58:32","109.72179233","18.26127367","0.0",b4g2g
"866718067148239","2025-05-23 19:02:45","109.12467933","18.35946683","0.0",b4g2g
"866718067149120","2025-05-23 18:59:15","108.9548245","18.405245","0.0",b4g2g
"866718067149161","2025-05-23 18:58:02","109.71673083","18.26392683","0.0",b4g2g
"866718067149187","2025-05-23 18:59:15","108.95931217","18.4079945","0.0",b4g2g
"866718067149195","2025-05-23 18:59:30","109.12431837","18.35657588","0.0",b4g2g
"866718067149468","2025-05-23 18:42:28","109.71910234","18.26300004","0.0",b4g2g
"866718067149492","2025-05-23 18:58:49","109.13316017","18.35667117","0.0",b4g2g
"866718067149716","2025-05-23 18:58:56","109.71883433","18.26274217","0.0",b4g2g
"866718067149765","2025-05-23 18:56:00","108.86561566","18.43722906","0.0",b4g2g
"866718067149773","2025-05-23 19:02:04","109.1334205","18.35693717","0.0",b4g2g
"866718067149906","2025-05-23 18:59:10","109.1256365","18.34850583","0.0",b4g2g
"866718067149914","2025-05-23 19:02:00","109.72138203","18.26169672","0.0",b4g2g
"866718067150573","2025-05-23 18:59:02","108.959332","18.4079005","0.0",b4g2g
"866718067151068","2025-05-23 19:01:02","108.95510283","18.4053995","0.0",b4g2g
"866718067151183","2025-05-23 19:01:32","108.86755767","18.43183333","0.0",b4g2g
"866718067151191","2025-05-23 19:02:31","108.93112083","18.413071","0.0",b4g2g
"866718067151340","2025-05-23 19:00:02","109.7188595","18.26314183","0.0",b4g2g
"866718067151472","2025-05-23 18:59:55","109.12411167","18.35244167","0.0",b4g2g
"866718067151654","2025-05-23 19:00:02","109.133058","18.35659983","0.0",b4g2g
"866718067151902","2025-05-23 18:51:59","109.71785851","18.26328783","0.0",b4g2g
"866718067152330","2025-05-23 18:38:28","109.12643324","18.35099754","0.0",b4g2g
"866718067152397","2025-05-23 18:41:28","109.13066179","18.35357127","0.0",b4g2g
"866718067152660","2025-05-23 18:53:59","108.95679246","18.40106539","0.0",b4g2g
"866718067152942","2025-05-23 18:37:58","109.72202198","18.27479082","0.0",b4g2g
"866718067153361","2025-05-23 18:56:30","108.95503302","18.40542955","0.0",b4g2g
"866718067153767","2025-05-23 18:44:28","109.12991176","18.35371978","0.0",b4g2g
"866718067153841","2025-05-23 18:48:29","109.72150406","18.26208071","0.0",b4g2g
"866718067153874","2025-05-23 18:49:59","109.12391019","18.3578384","0.0",b4g2g
"866718067153924","2025-05-23 18:52:29","108.92710236","18.41340692","0.0",b4g2g
"866718067154070","2025-05-23 19:00:00","109.71803355","18.26330379","0.0",b4g2g
"866718067154138","2025-05-23 18:58:32","109.72090183","18.262024","0.0",b4g2g
"866718067154237","2025-05-23 18:59:51","108.98947883","18.36476","0.0",b4g2g
"866718067154302","2025-05-23 18:58:18","109.1299165","18.35274417","0.0",b4g2g
"866718067154401","2025-05-23 18:59:29","109.11554033","18.3541275","0.0",b4g2g
"866718067154419","2025-05-23 18:45:28","108.98796463","18.36580269","0.0",b4g2g
"866718067154625","2025-05-23 19:02:45","109.12445917","18.35943833","0.0",b4g2g
"866718067154666","2025-05-23 19:00:57","109.7199975","18.2626005","0.0",b4g2g
"866718067154708","2025-05-23 18:53:59","109.12538626","18.35100662","0.0",b4g2g
"866718067154823","2025-05-23 19:02:47","108.93136233","18.41305667","0.0",b4g2g
"866718067155085","2025-05-23 18:58:32","109.13375533","18.35717383","0.0",b4g2g
"866718067155168","2025-05-23 18:46:29","108.98675472","18.36604924","0.0",b4g2g
"866718067155366","2025-05-23 19:00:45","108.95475083","18.405261","0.0",b4g2g
"866718067155481","2025-05-23 19:00:30","109.72472085","18.27685078","0.0",b4g2g
"866718067155614","2025-05-23 19:00:40","109.12445783","18.354588","0.0",b4g2g
"866718067155796","2025-05-23 18:44:28","109.72531538","18.27808253","0.0",b4g2g
"866718067156463","2025-05-23 18:58:48","109.12451133","18.35467867","0.0",b4g2g
"866718067156828","2025-05-23 19:01:30","109.71964376","18.26310844","0.0",b4g2g
"866718067156935","2025-05-23 19:00:23","109.12613283","18.35093433","0.0",b4g2g
"866718067157628","2025-05-23 18:58:01","109.7181785","18.26389","0.0",b4g2g
"866718067157693","2025-05-23 19:02:59","109.12461067","18.36248067","0.0",b4g2g
"866718067157800","2025-05-23 18:59:01","109.12445617","18.35912083","0.0",b4g2g
"866718067158154","2025-05-23 19:01:16","109.12448683","18.35065783","0.0",b4g2g
"866718067158667","2025-05-23 18:39:58","109.71830031","18.26350215","0.0",b4g2g
"866718067158691","2025-05-23 18:58:46","108.86724867","18.43872483","0.0",b4g2g
"866718067160119","2025-05-23 19:00:03","108.989225","18.36201817","0.0",b4g2g
"866718067160168","2025-05-23 18:57:30","109.72300737","18.26019809","0.0",b4g2g
"866718067161190","2025-05-23 18:58:45","109.1228215","18.35794083","0.0",b4g2g
"866718067161380","2025-05-23 19:02:34","109.124429","18.35945883","0.0",b4g2g
"866718067162578","2025-05-23 18:43:28","109.72250836","18.26073797","0.0",b4g2g
"866718067162685","2025-05-23 19:00:31","109.718243","18.26359367","0.0",b4g2g
"866718067164004","2025-05-23 18:34:27","109.13116918","18.3536732","0.0",b4g2g
"866718067164327","2025-05-23 19:02:02","109.71805067","18.26390267","0.0",b4g2g
"866718067164418","2025-05-23 18:52:59","108.8657869","18.43732163","0.0",b4g2g
"866718067165886","2025-05-23 18:45:28","109.71962276","18.26290599","0.0",b4g2g
"866718067165894","2025-05-23 19:00:32","109.72132233","18.262943","0.0",b4g2g
"866718067166249","2025-05-23 18:59:23","109.7163","18.26397517","0.0",b4g2g
"866718067166264","2025-05-23 19:02:00","109.71921249","18.26307109","0.0",b4g2g
"866718067166827","2025-05-23 18:58:15","109.72225517","18.26211667","0.0",b4g2g
"866718067166843","2025-05-23 19:00:52","109.12438517","18.3585505","0.0",b4g2g
"866718067166942","2025-05-23 19:00:45","109.70887617","18.26220717","0.0",b4g2g
"866718067167114","2025-05-23 19:02:31","108.865658","18.437082","0.0",b4g2g
"866718067167122","2025-05-23 18:42:58","109.13111804","18.35331324","0.0",b4g2g
"866718067167262","2025-05-23 19:02:53","109.13326083","18.35705033","0.0",b4g2g
"866718067167346","2025-05-23 18:58:32","109.13668917","18.35164917","0.0",b4g2g
"866718067167429","2025-05-23 19:00:39","109.12447617","18.35907733","0.0",b4g2g
"866718067167841","2025-05-23 19:01:58","109.12381933","18.34837867","0.0",b4g2g
"866718067167890","2025-05-23 19:01:46","109.13375633","18.3571175","0.0",b4g2g
"866718067168112","2025-05-23 19:00:06","109.12380217","18.3484275","0.0",b4g2g
"866718067168401","2025-05-23 18:42:28","109.69671305","18.18735904","0.0",b4g2g
"866718067168450","2025-05-23 18:59:30","109.12448983","18.35723867","0.0",b4g2g
"866718067168534","2025-05-23 19:00:32","109.12274783","18.355268","0.0",b4g2g
"866718067168542","2025-05-23 18:49:29","109.13057538","18.35415959","0.0",b4g2g
"866718067168609","2025-05-23 19:00:46","109.12495167","18.36194217","0.0",b4g2g
"866718067168617","2025-05-23 18:52:59","109.4886032","18.24873151","0.0",b4g2g
"866718067173237","2025-05-23 19:00:49","109.12472067","18.36164667","0.0",b4g2g
"866718067173526","2025-05-23 19:02:32","109.50201067","18.23158317","0.0",b4g2g
"866718067173609","2025-05-23 18:58:50","109.12494033","18.3619115","0.0",b4g2g
"866718067173906","2025-05-23 18:49:59","109.1340673","18.35741001","0.0",b4g2g
"866718067173963","2025-05-23 18:58:21","109.13410033","18.357449","0.0",b4g2g
"866718067174011","2025-05-23 19:02:28","109.72197833","18.26222517","0.0",b4g2g
"866718067174094","2025-05-23 19:02:29","109.71990133","18.262646","0.0",b4g2g
"866718067174227","2025-05-23 19:02:51","109.13422283","18.35741567","0.0",b4g2g
"866718067174276","2025-05-23 18:36:28","109.71928173","18.26290719","0.0",b4g2g
"866718067174292","2025-05-23 19:00:32","109.133026","18.3564935","0.0",b4g2g
"866718067174664","2025-05-23 18:59:30","109.71950883","18.26284267","0.0",b4g2g
"866718067175059","2025-05-23 18:59:52","109.122729","18.35520667","0.0",b4g2g
"866718067175174","2025-05-23 19:02:32","109.72181767","18.26167283","0.0",b4g2g
"866718067175216","2025-05-23 18:50:59","108.95564567","18.40164705","0.0",b4g2g
"866718067175588","2025-05-23 18:33:57","108.95616672","18.40232719","0.0",b4g2g
"866718067175620","2025-05-23 18:35:28","109.72289924","18.26085757","0.0",b4g2g
"866718067175877","2025-05-23 18:59:01","109.72001733","18.26276833","0.0",b4g2g
"866718067175885","2025-05-23 18:59:22","109.13309267","18.35650483","0.0",b4g2g
"866718067175943","2025-05-23 19:00:16","109.13951367","18.36771867","0.0",b4g2g
"866718067175968","2025-05-23 18:52:29","109.70956326","18.2609015","0.0",b4g2g
"866718067179168","2025-05-23 18:58:31","109.7197135","18.26271433","0.0",b4g2g
"866718067179408","2025-05-23 19:02:51","109.1252025","18.35137567","0.0",b4g2g
"866718067179838","2025-05-23 19:01:14","109.48915683","18.25034483","0.0",b4g2g
"866718067180224","2025-05-23 19:00:46","109.12462217","18.3594275","0.0",b4g2g
"866718067180455","2025-05-23 18:58:02","109.12406667","18.35528267","0.0",b4g2g
"866718067180497","2025-05-23 18:44:58","109.11543044","18.35457145","0.0",b4g2g
"866718067180612","2025-05-23 19:00:49","109.12439","18.35463967","0.0",b4g2g
"866718067180638","2025-05-23 19:02:14","109.12364833","18.3609845","0.0",b4g2g
"866718067180661","2025-05-23 18:53:29","108.86603647","18.437529","0.0",b4g2g
"266283","2025-05-23 18:06:01","109.12279666666667","18.354465","0",bei_dou
"922375","2025-05-23 18:07:44","109.4939","18.234728333333333","76.0",bei_dou
"275406","2025-05-23 18:14:47","109.49416500000001","18.233060000000002","0",bei_dou
"922329","2025-05-23 18:15:16","109.12390666666667","18.360571666666665","0",bei_dou
"4205904","2025-05-23 18:15:46","109.12298166666666","18.357106666666667","0",bei_dou
"258307","2025-05-23 18:18:27","109.12904333333333","18.352179999999997","0",bei_dou
"4207007","2025-05-23 18:19:28","109.12283333333333","18.356783333333333","0",bei_dou
"256596","2025-05-23 18:22:40","109.12802166666667","18.351481666666665","0",bei_dou
"284281","2025-05-23 18:24:43","109.14573999999999","18.324206666666665","0",bei_dou
"274093","2025-05-23 18:25:24","109.49444333333332","18.233071666666667","0",bei_dou
"268815","2025-05-23 18:35:22","109.29585666666667","18.300025","278.0",bei_dou
"4207242","2025-05-23 18:36:21","109.12309333333333","18.355476666666668","0",bei_dou
"930635","2025-05-23 18:38:16","109.12222166666668","18.350561666666668","0",bei_dou
"259980","2025-05-23 18:39:16","109.71752333333333","18.2625","0",bei_dou
"275445","2025-05-23 18:42:28","109.71945666666667","18.262246666666666","0",bei_dou
"195082","2025-05-23 18:42:46","109.12851","18.35176166666667","0",bei_dou
"255676","2025-05-23 18:43:28","109.12804333333334","18.351335","0",bei_dou
"1471034","2025-05-23 18:43:29","109.12306","18.357521666666667","0",bei_dou
"194253","2025-05-23 18:43:46","109.12944333333333","18.35248","0",bei_dou
"930782","2025-05-23 18:45:59","109.12223","18.350559999999998","0",bei_dou
"277493","2025-05-23 18:47:18","109.123075","18.35278","0",bei_dou
"265444","2025-05-23 18:47:19","109.12361166666666","18.3575","0",bei_dou
"4206582","2025-05-23 18:48:09","109.12377833333333","18.35033","0",bei_dou
"272277","2025-05-23 18:48:51","109.12280166666666","18.352793333333334","0",bei_dou
"4206019","2025-05-23 18:49:32","109.12404166666667","18.361548333333335","0",bei_dou
"266830","2025-05-23 18:50:04","109.12196","18.356131666666666","0",bei_dou
"4207466","2025-05-23 18:51:21","109.12282","18.351668333333336","0",bei_dou
"4207138","2025-05-23 18:52:00","109.123285","18.355675","0",bei_dou
"277015","2025-05-23 18:52:05","109.12224666666665","18.35556","0",bei_dou
"4206584","2025-05-23 18:52:13","109.12185","18.35574666666667","0",bei_dou
"4207057","2025-05-23 18:52:25","109.12208000000001","18.356213333333336","0",bei_dou
"265447","2025-05-23 18:52:27","109.121965","18.356389999999998","0",bei_dou
"4205799","2025-05-23 18:52:30","109.12404833333333","18.360658333333333","0",bei_dou
"4205636","2025-05-23 18:52:42","109.12435833333333","18.35091333333333","0",bei_dou
"4206257","2025-05-23 18:53:07","109.12368","18.359246666666664","0",bei_dou
"4207331","2025-05-23 18:53:09","109.122985","18.357006666666667","0",bei_dou
"4207157","2025-05-23 18:53:12","109.123795","18.358725","0",bei_dou
"4207378","2025-05-23 18:53:19","109.12385333333333","18.360226666666666","0",bei_dou
"4205796","2025-05-23 18:53:20","109.12357999999999","18.357356666666664","0",bei_dou
"4206073","2025-05-23 18:53:22","109.12305666666666","18.35601","0",bei_dou
"4207619","2025-05-23 18:53:29","109.12318666666667","18.354233333333333","0",bei_dou
"4206644","2025-05-23 18:53:29","109.12348","18.36088833333333","0",bei_dou
"922074","2025-05-23 18:53:32","109.12474666666667","18.356123333333336","0",bei_dou
"4206577","2025-05-23 18:53:33","109.12339","18.36088","0",bei_dou
"4207365","2025-05-23 18:53:36","109.12201833333333","18.354753333333335","0",bei_dou
"4207236","2025-05-23 18:53:36","109.123665","18.353806666666667","0",bei_dou
"277016","2025-05-23 18:53:36","109.123335","18.35974","0",bei_dou
"4207216","2025-05-23 18:53:42","109.12447166666668","18.36024666666667","0",bei_dou
"4207204","2025-05-23 18:53:43","109.12296166666667","18.358108333333334","0",bei_dou
"4206072","2025-05-23 18:53:46","109.122625","18.357356666666664","0",bei_dou
"275475","2025-05-23 18:53:47","109.27695999999999","18.296676666666666","0",bei_dou
"4206294","2025-05-23 18:53:47","109.12116666666667","18.356555","0",bei_dou
"922336","2025-05-23 18:53:48","109.12417333333333","18.34918","0",bei_dou
"921996","2025-05-23 18:53:50","109.12446","18.349461666666667","0",bei_dou
"4207080","2025-05-23 18:53:50","109.123635","18.359845","0",bei_dou
"4207051","2025-05-23 18:53:52","109.12442333333334","18.36094166666667","0",bei_dou
"4207567","2025-05-23 18:53:53","109.12334333333334","18.359666666666666","0",bei_dou
"4207529","2025-05-23 18:53:56","109.122765","18.354758333333333","0",bei_dou
"4206574","2025-05-23 18:54:08","109.12321166666668","18.360498333333332","0",bei_dou
"4205774","2025-05-23 18:54:10","109.12440166666667","18.36069666666667","0",bei_dou
"4206614","2025-05-23 18:54:13","109.12256166666666","18.356246666666667","0",bei_dou
"4206231","2025-05-23 18:54:14","109.12265666666667","18.35779","0",bei_dou
"922008","2025-05-23 18:54:16","109.12474333333333","18.356121666666663","0",bei_dou
"4206767","2025-05-23 18:54:18","109.12494","18.356191666666668","0",bei_dou
"4205382","2025-05-23 18:54:20","109.12533833333333","18.349731666666667","0",bei_dou
"4205917","2025-05-23 18:54:20","109.12413","18.361595","0",bei_dou
"4207481","2025-05-23 18:54:22","109.12217166666666","18.3553","0",bei_dou
"4207196","2025-05-23 18:54:29","109.12311666666666","18.353636666666667","0",bei_dou
"4206955","2025-05-23 18:54:36","109.12410333333334","18.361551666666667","0",bei_dou
"4206662","2025-05-23 18:54:37","109.12346666666667","18.354456666666668","0",bei_dou
"4207421","2025-05-23 18:54:38","109.12399333333333","18.360588333333332","0",bei_dou
"4207685","2025-05-23 18:54:40","109.1246","18.362238333333334","0",bei_dou
"4206488","2025-05-23 18:54:40","109.12108333333335","18.356413333333332","0",bei_dou
"4206622","2025-05-23 18:54:45","109.12453833333333","18.360198333333337","0",bei_dou
"267470","2025-05-23 18:54:49","109.12361833333333","18.354735","0",bei_dou
"4206178","2025-05-23 18:54:49","109.12372","18.36108833333333","0",bei_dou
"4206012","2025-05-23 18:54:49","109.12460666666666","18.362255","0",bei_dou
"4207151","2025-05-23 18:54:50","109.12268","18.358381666666666","0",bei_dou
"4206700","2025-05-23 18:54:51","109.12307666666668","18.360265000000002","0",bei_dou
"4207434","2025-05-23 18:54:55","109.12217666666668","18.355388333333334","0",bei_dou
"264511","2025-05-23 18:54:57","109.12502333333333","18.349446666666665","0",bei_dou
"4206691","2025-05-23 18:55:04","109.12185833333334","18.354605","0",bei_dou
"4207079","2025-05-23 18:55:16","109.12430666666667","18.360878333333336","0",bei_dou
"4207172","2025-05-23 18:55:17","109.1216","18.35513166666667","0",bei_dou
"4206811","2025-05-23 18:55:19","109.12382666666667","18.358635","0",bei_dou
"4207679","2025-05-23 18:55:19","109.122675","18.354156666666665","0",bei_dou
"4207306","2025-05-23 18:55:22","109.12317166666666","18.355586666666667","0",bei_dou
"4207087","2025-05-23 18:55:31","109.124455","18.361204999999998","0",bei_dou
"4207175","2025-05-23 18:55:32","109.12438666666667","18.353276666666666","0",bei_dou
"4207226","2025-05-23 18:55:35","109.12455","18.36034","0",bei_dou
"4207264","2025-05-23 18:55:36","109.12259833333333","18.354186666666667","0",bei_dou
"4207597","2025-05-23 18:55:38","109.12254833333333","18.357071666666666","0",bei_dou
"4206182","2025-05-23 18:55:39","109.12275666666666","18.35274666666667","0",bei_dou
"4206225","2025-05-23 18:55:45","109.12348166666668","18.359953333333333","0",bei_dou
"4206140","2025-05-23 18:55:45","109.122135","18.355228333333333","0",bei_dou
"4205446","2025-05-23 18:55:47","109.12293500000001","18.353366666666666","0",bei_dou
"4207095","2025-05-23 18:55:49","109.12395333333333","18.36175666666667","0",bei_dou
"4207394","2025-05-23 18:55:50","109.124955","18.356201666666667","0",bei_dou
"4205918","2025-05-23 18:55:59","109.12339666666666","18.360808333333335","0",bei_dou
"4206725","2025-05-23 18:56:02","109.12205666666667","18.358349999999998","0",bei_dou
"930632","2025-05-23 18:56:05","109.47639333333333","18.214181666666665","0",bei_dou
"4206762","2025-05-23 18:56:07","109.70985666666667","18.260676666666665","0",bei_dou
"4207712","2025-05-23 18:56:07","109.12361666666668","18.35312","0",bei_dou
"4205306","2025-05-23 18:56:14","109.12357","18.353535","0",bei_dou
"4206142","2025-05-23 18:56:17","109.12350333333333","18.358948333333334","0",bei_dou
"4205726","2025-05-23 18:56:18","109.12433166666666","18.350641666666668","0",bei_dou
"4206605","2025-05-23 18:56:20","109.12353666666667","18.359135","0",bei_dou
"4206841","2025-05-23 18:56:21","109.12386166666667","18.361271666666667","0",bei_dou
"4206010","2025-05-23 18:56:23","109.12294","18.3583","0",bei_dou
"4207096","2025-05-23 18:56:25","109.12374333333334","18.351893333333333","0",bei_dou
"4205935","2025-05-23 18:56:26","109.12342833333334","18.354398333333332","0",bei_dou
"275465","2025-05-23 18:56:26","109.12306","18.353346666666667","0",bei_dou
"4207231","2025-05-23 18:56:29","109.12365833333334","18.353323333333332","0",bei_dou
"4207534","2025-05-23 18:56:32","109.12359666666666","18.359305","0",bei_dou
"4207269","2025-05-23 18:56:34","109.12318833333333","18.350553333333334","0",bei_dou
"4205996","2025-05-23 18:56:35","109.12182166666666","18.355588333333333","0",bei_dou
"930714","2025-05-23 18:56:36","109.12222166666668","18.35029666666667","0",bei_dou
"266242","2025-05-23 18:56:48","109.335005","18.294743333333333","0",bei_dou
"4206787","2025-05-23 18:56:50","109.12372833333333","18.350016666666665","0",bei_dou
"4206541","2025-05-23 18:56:50","109.12105666666666","18.35625","0",bei_dou
"4206509","2025-05-23 18:56:56","109.12386","18.358915000000003","0",bei_dou
"4205530","2025-05-23 18:57:00","109.12407166666667","18.361418333333333","0",bei_dou
"4206055","2025-05-23 18:57:00","109.12264499999999","18.357591666666668","0",bei_dou
"4207205","2025-05-23 18:57:01","109.123995","18.359381666666664","0",bei_dou
"4207239","2025-05-23 18:57:01","109.12259333333333","18.35618","0",bei_dou
"922386","2025-05-23 18:57:03","109.12474333333333","18.356123333333336","0",bei_dou
"4207229","2025-05-23 18:57:04","109.12214999999999","18.35517666666667","0",bei_dou
"4207325","2025-05-23 18:57:07","109.12452666666667","18.349659999999997","0",bei_dou
"4206277","2025-05-23 18:57:08","109.12314500000001","18.357494999999997","0",bei_dou
"4207350","2025-05-23 18:57:09","109.12287166666667","18.354221666666668","0",bei_dou
"277558","2025-05-23 18:57:09","109.12251833333333","18.352518333333332","0",bei_dou
"4205942","2025-05-23 18:57:19","109.12324666666667","18.36057","0",bei_dou
"4206516","2025-05-23 18:57:19","109.12373","18.358394999999998","0",bei_dou
"4205978","2025-05-23 18:57:19","109.12344","18.354533333333332","0",bei_dou
"4207225","2025-05-23 18:57:24","109.12322999999999","18.36048","0",bei_dou
"4207053","2025-05-23 18:57:24","109.12350166666667","18.360940000000003","0",bei_dou
"4206208","2025-05-23 18:57:29","109.32775","18.269668333333335","0",bei_dou
"4206597","2025-05-23 18:57:29","109.12375166666668","18.358293333333332","0",bei_dou
"4207248","2025-05-23 18:57:29","109.12077666666667","18.3556","0",bei_dou
"4206204","2025-05-23 18:57:35","109.12371333333334","18.353878333333334","0",bei_dou
"4206061","2025-05-23 18:57:36","109.12233666666665","18.355601666666665","0",bei_dou
"4207221","2025-05-23 18:57:38","109.12387","18.358796666666667","0",bei_dou
"4206770","2025-05-23 18:57:43","109.12396833333334","18.36134","0",bei_dou
"4206914","2025-05-23 18:57:45","109.12118666666667","18.356651666666668","0",bei_dou
"267049","2025-05-23 18:57:50","109.33335666666667","18.294455000000003","0",bei_dou
"4207449","2025-05-23 18:57:50","109.122025","18.354793333333337","0",bei_dou
"4207490","2025-05-23 18:57:52","109.12340666666667","18.355053333333334","0",bei_dou
"4207126","2025-05-23 18:57:52","109.12443499999999","18.36117","0",bei_dou
"4206672","2025-05-23 18:57:53","109.12377666666666","18.36151","0",bei_dou
"4205433","2025-05-23 18:57:59","109.12430166666667","18.360689999999998","0",bei_dou
"351473","2025-05-23 18:58:00","109.12474333333333","18.356123333333336","0",bei_dou
"4206011","2025-05-23 18:58:02","109.12308166666666","18.357248333333335","0",bei_dou
"4206006","2025-05-23 18:58:04","109.125485","18.34915833333333","0",bei_dou
"4207411","2025-05-23 18:58:04","109.12450166666666","18.35337333333333","0",bei_dou
"397025","2025-05-23 18:58:06","109.12500166666668","18.35611833333333","0",bei_dou
"4206571","2025-05-23 18:58:10","109.12306833333334","18.352215","0",bei_dou
"266133","2025-05-23 18:58:11","109.721135","18.262226666666667","0",bei_dou
"4207092","2025-05-23 18:58:11","109.12310000000001","18.36038166666667","0",bei_dou
"930792","2025-05-23 18:58:14","109.12417666666667","18.349185","0",bei_dou
"4206882","2025-05-23 18:58:23","109.12312333333333","18.360278333333333","0",bei_dou
"4206079","2025-05-23 18:58:23","109.123305","18.35865","0",bei_dou
"4207137","2025-05-23 18:58:24","109.12307833333332","18.36014","0",bei_dou
"4207654","2025-05-23 18:58:29","109.12453000000001","18.349651666666666","0",bei_dou
"4206782","2025-05-23 18:58:30","109.12270166666667","18.358396666666668","0",bei_dou
"4205685","2025-05-23 18:58:32","109.12297","18.356626666666667","0",bei_dou
"4206243","2025-05-23 18:58:34","109.13099166666666","18.350846666666666","0",bei_dou
"930734","2025-05-23 18:58:36","109.12500666666666","18.356115","0",bei_dou
"4206819","2025-05-23 18:58:37","109.12474","18.361811666666664","0",bei_dou
"930739","2025-05-23 18:58:37","109.12334333333334","18.357523333333333","0",bei_dou
"922372","2025-05-23 18:58:38","109.12611833333334","18.350023333333336","0",bei_dou
"4207572","2025-05-23 18:58:40","109.12559333333334","18.349905","0",bei_dou
"4205932","2025-05-23 18:58:40","109.12266333333334","18.356859999999998","0",bei_dou
"922385","2025-05-23 18:58:44","109.12445666666667","18.34946","0",bei_dou
"4205384","2025-05-23 18:58:46","109.122505","18.354793333333337","0",bei_dou
"922276","2025-05-23 18:58:47","109.125005","18.356111666666667","0",bei_dou
"4206709","2025-05-23 18:58:49","109.12429","18.361794999999997","0",bei_dou
"4206680","2025-05-23 18:58:49","109.123765","18.361128333333333","0",bei_dou
"4206643","2025-05-23 18:58:51","109.12441","18.36226333333333","0",bei_dou
"4207674","2025-05-23 18:58:52","109.123545","18.359236666666668","0",bei_dou
"4207200","2025-05-23 18:58:52","109.12232999999999","18.35565","0",bei_dou
"4206282","2025-05-23 18:58:52","109.50594500000001","18.228641666666665","0",bei_dou
"4207587","2025-05-23 18:58:56","109.48627166666667","18.248521666666665","0",bei_dou
"4207344","2025-05-23 18:58:57","109.12309166666667","18.35429","0",bei_dou
"922280","2025-05-23 18:58:57","109.12444666666667","18.35","0",bei_dou
"4205365","2025-05-23 18:58:59","109.123215","18.358531666666668","0",bei_dou
"4207132","2025-05-23 18:58:59","109.12371666666667","18.361404999999998","0",bei_dou
"266222","2025-05-23 18:59:00","109.12280166666666","18.351961666666668","0",bei_dou
"4207070","2025-05-23 18:59:03","109.123605","18.354781666666668","0",bei_dou
"4207201","2025-05-23 18:59:07","109.12368333333333","18.360245000000003","0",bei_dou
"922141","2025-05-23 18:59:08","109.12444333333333","18.349461666666667","0",bei_dou
"4207256","2025-05-23 18:59:08","109.12426333333333","18.36084","0",bei_dou
"4206125","2025-05-23 18:59:09","109.12359333333333","18.360316666666666","0",bei_dou
"4205484","2025-05-23 18:59:10","109.12385166666667","18.361725","0",bei_dou
"4207589","2025-05-23 18:59:11","109.12120333333334","18.356438333333333","0",bei_dou
"4206266","2025-05-23 18:59:13","109.12314333333333","18.35758666666667","0",bei_dou
"930600","2025-05-23 18:59:13","109.12417833333333","18.348901666666666","0",bei_dou
"4206872","2025-05-23 18:59:14","109.12388166666666","18.36132","0",bei_dou
"922186","2025-05-23 18:59:15","109.12474666666667","18.356121666666663","0",bei_dou
"922321","2025-05-23 18:59:18","109.71224000000001","18.263076666666667","0",bei_dou
"922050","2025-05-23 18:59:20","109.12195166666667","18.353075","0",bei_dou
"922338","2025-05-23 18:59:20","109.12278166666667","18.3564","0",bei_dou
"930684","2025-05-23 18:59:21","109.125","18.356115","0",bei_dou
"277291","2025-05-23 18:59:21","109.468355","18.248065","0",bei_dou
"930805","2025-05-23 18:59:23","109.125","18.35613","0",bei_dou
"922034","2025-05-23 18:59:25","109.12502166666667","18.349186666666665","0",bei_dou
"4207638","2025-05-23 18:59:26","109.12722833333333","18.350281666666667","0",bei_dou
"386180","2025-05-23 18:59:28","109.12305666666666","18.358335","0",bei_dou
"4206427","2025-05-23 18:59:30","109.12422166666667","18.35084","0",bei_dou
"4206685","2025-05-23 18:59:33","109.123245","18.35914166666667","0",bei_dou
"290279","2025-05-23 18:59:33","109.12944833333333","18.35224","0",bei_dou
"930823","2025-05-23 18:59:36","109.12223","18.356665","0",bei_dou
"325940","2025-05-23 18:59:37","109.12196833333334","18.353905","0",bei_dou
"4206670","2025-05-23 18:59:37","109.12314666666666","18.357698333333335","0",bei_dou
"922138","2025-05-23 18:59:38","109.12223","18.356675","0",bei_dou
"4206610","2025-05-23 18:59:39","109.12369833333334","18.349971666666665","0",bei_dou
"4207430","2025-05-23 18:59:40","109.12173","18.355471666666666","0",bei_dou
"922116","2025-05-23 18:59:42","109.12361166666666","18.353056666666664","0",bei_dou
"4206244","2025-05-23 18:59:44","109.12191833333333","18.355905","0",bei_dou
"4206030","2025-05-23 18:59:44","109.12365666666666","18.36128666666667","0",bei_dou
"930719","2025-05-23 18:59:44","109.12363","18.350011666666667","0",bei_dou
"4205444","2025-05-23 18:59:45","109.123835","18.361663333333336","0",bei_dou
"922160","2025-05-23 18:59:46","109.12334333333334","18.358886666666667","0",bei_dou
"4206523","2025-05-23 18:59:47","109.12322666666667","18.353651666666668","0",bei_dou
"930656","2025-05-23 18:59:48","109.12474666666667","18.356111666666667","0",bei_dou
"930612","2025-05-23 18:59:48","109.12278666666666","18.35001","0",bei_dou
"288681","2025-05-23 18:59:48","109.12277666666667","18.354171666666666","0",bei_dou
"4207154","2025-05-23 18:59:49","109.12382666666667","18.35411","0",bei_dou
"4207438","2025-05-23 18:59:50","109.123615","18.353195000000003","0",bei_dou
"4206753","2025-05-23 18:59:53","109.12094","18.35588166666667","0",bei_dou
"930763","2025-05-23 18:59:57","109.12500166666668","18.35611833333333","0",bei_dou
"410804","2025-05-23 19:00:00","109.12528","18.350011666666667","0",bei_dou
"275591","2025-05-23 19:00:02","109.71139666666666","18.260286666666666","0",bei_dou
"4206821","2025-05-23 19:00:03","109.12394666666667","18.359365","0",bei_dou
"4205807","2025-05-23 19:00:03","109.12347666666666","18.354631666666666","0",bei_dou
"922101","2025-05-23 19:00:03","109.12277666666667","18.35","0",bei_dou
"4206828","2025-05-23 19:00:04","109.12239333333333","18.354211666666668","0",bei_dou
"4205601","2025-05-23 19:00:06","109.12254166666666","18.356111666666667","0",bei_dou
"922125","2025-05-23 19:00:07","109.12279333333332","18.35641","0",bei_dou
"4206075","2025-05-23 19:00:11","109.12240333333332","18.35682166666667","0",bei_dou
"4206036","2025-05-23 19:00:11","109.12337333333333","18.35450666666667","0",bei_dou
"4206183","2025-05-23 19:00:16","109.12317666666667","18.351521666666667","0",bei_dou
"4206157","2025-05-23 19:00:19","109.12184666666667","18.354476666666667","0",bei_dou
"4207150","2025-05-23 19:00:22","109.12423833333334","18.353121666666667","0",bei_dou
"4207669","2025-05-23 19:00:22","109.12350333333333","18.357264999999998","0",bei_dou
"922120","2025-05-23 19:00:23","109.12444333333333","18.349468333333334","0",bei_dou
"4206603","2025-05-23 19:00:23","109.12255666666667","18.351481666666665","0",bei_dou
"4205423","2025-05-23 19:00:25","109.12374333333334","18.35409","0",bei_dou
"930789","2025-05-23 19:00:25","109.12250666666667","18.356131666666666","0",bei_dou
"922382","2025-05-23 19:00:27","109.12222166666668","18.350286666666666","0",bei_dou
"930630","2025-05-23 19:00:28","109.125","18.35611","0",bei_dou
"278726","2025-05-23 19:00:30","109.12444333333333","18.349468333333334","0",bei_dou
"4206117","2025-05-23 19:00:30","109.12430333333333","18.350716666666663","0",bei_dou
"4207255","2025-05-23 19:00:31","109.123135","18.35741","0",bei_dou
"253687","2025-05-23 19:00:32","109.12805499999999","18.351401666666668","0",bei_dou
"269548","2025-05-23 19:00:32","109.123075","18.355296666666668","0",bei_dou
"4207512","2025-05-23 19:00:35","109.12270666666667","18.357708333333335","0",bei_dou
"4205974","2025-05-23 19:00:35","109.12304","18.360126666666666","0",bei_dou
"930814","2025-05-23 19:00:36","109.12361833333333","18.359735","0",bei_dou
"4206705","2025-05-23 19:00:36","109.12253333333334","18.354045","0",bei_dou
"930677","2025-05-23 19:00:37","109.71696833333334","18.263340000000003","0",bei_dou
"4207463","2025-05-23 19:00:40","109.12196166666666","18.35469","0",bei_dou
"4205868","2025-05-23 19:00:41","109.12414833333334","18.361659999999997","0",bei_dou
"930781","2025-05-23 19:00:41","109.12223","18.355835000000003","0",bei_dou
"922052","2025-05-23 19:00:44","109.12419","18.349468333333334","0",bei_dou
"266351","2025-05-23 19:00:46","109.12306","18.355285","0",bei_dou
"922020","2025-05-23 19:00:46","109.12223","18.353911666666665","0",bei_dou
"4207668","2025-05-23 19:00:47","109.12456999999999","18.34967333333333","0",bei_dou
"930661","2025-05-23 19:00:50","109.12362166666666","18.35973166666667","0",bei_dou
"4206058","2025-05-23 19:00:53","109.12356","18.359463333333334","0",bei_dou
"930757","2025-05-23 19:00:54","109.12611166666667","18.35001833333333","0",bei_dou
"4207681","2025-05-23 19:00:55","109.12369166666667","18.353571666666667","0",bei_dou
"4206689","2025-05-23 19:00:56","109.12187166666666","18.356046666666668","0",bei_dou
"4206823","2025-05-23 19:00:56","109.12344166666666","18.360736666666664","0",bei_dou
"930722","2025-05-23 19:01:00","109.12056833333332","18.355286666666665","0",bei_dou
"4207128","2025-05-23 19:01:02","109.12067666666667","18.355473333333336","0",bei_dou
"4206487","2025-05-23 19:01:04","109.12365","18.35481","0",bei_dou
"281098","2025-05-23 19:01:05","109.72527833333334","18.278071666666666","0",bei_dou
"4205554","2025-05-23 19:01:11","109.12173166666666","18.355425","0",bei_dou
"1443539","2025-05-23 19:01:12","109.51168666666668","18.233635","0",bei_dou
"4207059","2025-05-23 19:01:15","109.12201499999999","18.35839","0",bei_dou
"4205525","2025-05-23 19:01:16","109.1237","18.354010000000002","0",bei_dou
"4206961","2025-05-23 19:01:17","109.12348666666666","18.354681666666668","0",bei_dou
"4206537","2025-05-23 19:01:17","109.121875","18.355788333333333","0",bei_dou
"4206217","2025-05-23 19:01:17","109.12404333333333","18.36187333333333","0",bei_dou
"4205722","2025-05-23 19:01:19","109.123125","18.352261666666667","0",bei_dou
"4206133","2025-05-23 19:01:19","109.12252666666667","18.357251666666667","0",bei_dou
"930783","2025-05-23 19:01:22","109.12222666666666","18.350301666666667","0",bei_dou
"4206246","2025-05-23 19:01:25","109.124315","18.349428333333332","0",bei_dou
"4206197","2025-05-23 19:01:25","109.12335333333334","18.358771666666666","0",bei_dou
"268206","2025-05-23 19:01:25","109.280565","18.297226666666667","0",bei_dou
"4207119","2025-05-23 19:01:25","109.12337833333332","18.355686666666667","0",bei_dou
"272218","2025-05-23 19:01:26","109.12279833333334","18.354175","0",bei_dou
"4207089","2025-05-23 19:01:29","109.12306333333332","18.350316666666668","0",bei_dou
"4206171","2025-05-23 19:01:29","109.12350833333333","18.35713666666667","0",bei_dou
"4206616","2025-05-23 19:01:30","109.12289166666666","18.358615","0",bei_dou
"930641","2025-05-23 19:01:30","109.12251166666667","18.351409999999998","0",bei_dou
"4206665","2025-05-23 19:01:30","109.12369","18.361471666666667","0",bei_dou
"930773","2025-05-23 19:01:32","109.12335166666666","18.357506666666666","0",bei_dou
"4206278","2025-05-23 19:01:34","108.95894666666666","18.400126666666665","0",bei_dou
"4206646","2025-05-23 19:01:37","109.12302166666667","18.360026666666666","0",bei_dou
"4205634","2025-05-23 19:01:37","109.12383166666667","18.358926666666665","0",bei_dou
"4206496","2025-05-23 19:01:39","109.12300666666667","18.350154999999997","0",bei_dou
"4206772","2025-05-23 19:01:41","109.123225","18.360363333333332","0",bei_dou
"267053","2025-05-23 19:01:41","109.125015","18.34918","0",bei_dou
"290259","2025-05-23 19:01:41","109.12804333333334","18.351621666666666","216.0",bei_dou
"4207062","2025-05-23 19:01:52","109.12357833333334","18.35471","0",bei_dou
"4205669","2025-05-23 19:01:58","109.12194","18.354585","0",bei_dou
"4207038","2025-05-23 19:01:59","109.12266500000001","18.357443333333332","0",bei_dou
"922179","2025-05-23 19:02:00","109.12362166666666","18.350021666666667","0",bei_dou
"4207142","2025-05-23 19:02:01","109.120895","18.355821666666667","0",bei_dou
"4206620","2025-05-23 19:02:02","109.124035","18.35970166666667","0",bei_dou
"4206606","2025-05-23 19:02:02","109.123335","18.3587","0",bei_dou
"4205653","2025-05-23 19:02:04","109.12298166666666","18.354665","0",bei_dou
"930616","2025-05-23 19:02:04","109.12057666666666","18.355568333333334","0",bei_dou
"4206631","2025-05-23 19:02:04","109.12355166666666","18.355043333333334","0",bei_dou
"4206661","2025-05-23 19:02:16","109.12382666666667","18.358549999999997","0",bei_dou
"4206240","2025-05-23 19:02:18","109.124245","18.355915","0",bei_dou
"4206634","2025-05-23 19:02:18","109.12280666666668","18.358686666666664","0",bei_dou
"4206032","2025-05-23 19:02:20","109.125395","18.35006333333333","0",bei_dou
"4206801","2025-05-23 19:02:21","109.124505","18.361024999999998","0",bei_dou
"4207324","2025-05-23 19:02:24","109.12212500000001","18.35502166666667","0",bei_dou
"4206050","2025-05-23 19:02:24","109.122055","18.354969999999998","0",bei_dou
"4205335","2025-05-23 19:02:27","109.12281666666667","18.351633333333332","0",bei_dou
"4206754","2025-05-23 19:02:29","109.12397666666668","18.360183333333335","0",bei_dou
"4206074","2025-05-23 19:02:31","109.125015","18.356148333333334","0",bei_dou
"922097","2025-05-23 19:02:37","109.12306","18.358346666666666","0",bei_dou
"930644","2025-05-23 19:02:38","109.124455","18.34946","0",bei_dou
"930800","2025-05-23 19:02:38","109.12250999999999","18.356386666666666","0",bei_dou
"4206758","2025-05-23 19:02:40","109.12367166666667","18.353656666666666","0",bei_dou
"4207218","2025-05-23 19:02:47","109.12209833333333","18.35508666666667","0",bei_dou
"4207181","2025-05-23 19:02:48","109.12474166666667","18.361150000000002","0",bei_dou
"4206017","2025-05-23 19:02:51","109.12361166666666","18.353255","0",bei_dou
"4207609","2025-05-23 19:02:51","109.12354666666667","18.35540166666667","0",bei_dou
"930608","2025-05-23 19:02:54","109.717785","18.263061666666665","0",bei_dou
"4206805","2025-05-23 19:02:56","109.123995","18.361836666666665","0",bei_dou
"270134","2025-05-23 19:02:57","109.125","18.356111666666667","0",bei_dou
"4205681","2025-05-23 19:02:58","109.122595","18.357513333333333","0",bei_dou
"4207427","2025-05-23 19:03:00","109.12457500000001","18.349719999999998","0",bei_dou
"272835","2025-05-23 19:03:00","109.13474666666666","18.32472166666667","0",bei_dou
"4207257","2025-05-23 19:03:02","109.12320166666667","18.35372","0",bei_dou
"4207241","2025-05-23 19:03:03","109.12351","18.359636666666667","0",bei_dou
"412524831","2025-05-23 18:58:27","109.122417","18.359221","13.2",hai_lan
"412524878","2025-05-23 18:43:48","109.12275","18.350016","0",hai_lan
"412525032","2025-05-23 18:58:17","109.123527","18.353509","0",hai_lan
"412520535","2025-05-23 19:00:06","109.123203","18.358585","0",hai_lan
"412520408","2025-05-23 18:54:57","109.123031","18.357188","0",hai_lan
"412525072","2025-05-23 18:26:48","109.122531","18.356234","0",hai_lan
"412520396","2025-05-23 18:53:55","109.123151","18.357293","0",hai_lan
"412520131","2025-05-23 18:47:37","109.123098","18.357569","288.3",hai_lan
"412524979","2025-05-23 18:47:02","109.123681","18.353342","0",hai_lan
"412521015","2025-05-23 18:40:30","109.123362","18.355694","0",hai_lan
"412524943","2025-05-23 18:40:49","109.125346","18.350039","0",hai_lan
"412521467","2025-05-23 18:49:04","109.122881","18.352929","0",hai_lan
"412542592","2025-05-23 19:01:03","109.123846","18.361693","0",hai_lan
"412542566","2025-05-23 19:03:30","109.209735","17.96575","244.5",hai_lan
"412523545","2025-05-23 18:40:15","109.120737","18.355705","0",hai_lan
"412523748","2025-05-23 18:38:57","109.125277","18.350129","0",hai_lan
"412524935","2025-05-23 18:52:45","109.125387","18.349133","0",hai_lan
"412524989","2025-05-23 18:36:21","109.122835","18.350117","0",hai_lan
"412524499","2025-05-23 18:41:09","109.126086","18.350107","0",hai_lan
"412524594","2025-05-23 19:01:45","109.123512","18.35779","0",hai_lan
"412541963","2025-05-23 18:41:52","109.122552","18.357247","0",hai_lan
"412524065","2025-05-23 19:00:38","109.123874","18.358954","0",hai_lan
"412524863","2025-05-23 19:01:59","109.121258","18.356291","0",hai_lan
"412524013","2025-05-23 18:37:23","109.122577","18.351495","0",hai_lan
"412520427","2025-05-23 18:59:27","109.122328","18.355794","0",hai_lan
"412520645","2025-05-23 18:52:43","109.122109","18.355032","0",hai_lan
"412520547","2025-05-23 18:35:50","109.123099","18.357399","199.5",hai_lan
"412522858","2025-05-23 18:58:18","109.123169","18.357775","0",hai_lan
"412524012","2025-05-23 18:37:48","109.122789","18.351676","0",hai_lan
"412525007","2025-05-23 18:46:09","109.123658","18.349905","0",hai_lan
"412542249","2025-05-23 18:38:01","109.123115","18.360328","0",hai_lan
"412520543","2025-05-23 18:51:18","109.123125","18.357178","0",hai_lan
"412520086","2025-05-23 18:34:52","109.122905","18.350194","0",hai_lan
"412523717","2025-05-23 18:41:08","109.123033","18.350309","0",hai_lan
"412524003","2025-05-23 18:53:34","109.122016","18.354841","0",hai_lan
"412520703","2025-05-23 18:54:32","109.12314","18.357458","104.2",hai_lan
"412524959","2025-05-23 18:40:58","109.122545","18.354077","0",hai_lan
"412525192","2025-05-23 18:54:20","109.12219","18.35654","0",hai_lan
"412521189","2025-05-23 18:41:22","109.47648","18.214335","0",hai_lan
"412521201","2025-05-23 18:47:36","109.121841","18.355907","0",hai_lan
"412520395","2025-05-23 19:01:58","109.123331","18.358652","0",hai_lan
"412523167","2025-05-23 18:34:11","109.124331","18.349401","0",hai_lan
"412542206","2025-05-23 18:41:27","109.12382","18.358505","0",hai_lan
"412523459","2025-05-23 18:47:11","109.123935","18.361142","0",hai_lan
"412520475","2025-05-23 18:53:59","109.124527","18.34964","0",hai_lan
"412520706","2025-05-23 19:02:53","109.122118","18.354979","0",hai_lan
"412520406","2025-05-23 18:25:32","109.122218","18.355383","0",hai_lan
"412520679","2025-05-23 18:49:46","109.122819","18.35677","0",hai_lan
"412520656","2025-05-23 18:58:23","109.122203","18.355222","0",hai_lan
"412524146","2025-05-23 18:42:49","109.124454","18.349983","0",hai_lan
"412542096","2025-05-23 18:49:07","109.124471","18.361158","0",hai_lan
"412523996","2025-05-23 18:54:37","109.122352","18.355654","0",hai_lan
"412521045","2025-05-23 18:57:02","109.122698","18.354153","0",hai_lan
"412524008","2025-05-23 19:00:00","109.123631","18.353281","0",hai_lan
"412521239","2025-05-23 18:41:48","109.122977","18.356991","238.5",hai_lan
"412521068","2025-05-23 18:52:12","109.12317","18.358497","0",hai_lan
"412524981","2025-05-23 19:01:33","109.12255","18.354757","0",hai_lan
"412520419","2025-05-23 18:43:51","109.124389","18.34968","0",hai_lan
"412520711","2025-05-23 19:02:54","109.121752","18.355455","0",hai_lan
"412520449","2025-05-23 19:02:12","109.124585","18.349649","0",hai_lan
"412520423","2025-05-23 18:36:48","109.124309","18.349356","0",hai_lan
"412520401","2025-05-23 18:54:44","109.122702","18.357727","0",hai_lan
"412521813","2025-05-23 19:01:23","109.122629","18.357329","0",hai_lan
"412521243","2025-05-23 18:43:07","109.122684","18.357379","307.3",hai_lan
"412524509","2025-05-23 18:50:34","109.124527","18.362241","0",hai_lan
"412542091","2025-05-23 18:53:30","109.123715","18.361446","0",hai_lan
"412521755","2025-05-23 18:52:24","109.123191","18.355645","0",hai_lan
"412523767","2025-05-23 18:53:36","109.122902","18.356635","0",hai_lan
"412542028","2025-05-23 18:52:10","109.123241","18.360539","0",hai_lan
"412524986","2025-05-23 18:58:32","109.123792","18.350222","120.3",hai_lan
"412542066","2025-05-23 18:41:49","109.123724","18.361089","0",hai_lan
"412521197","2025-05-23 18:36:51","109.121836","18.355845","0",hai_lan
"412523709","2025-05-23 19:02:39","109.123482","18.355035","60.9",hai_lan
"412524955","2025-05-23 18:45:55","109.123276","18.355634","0",hai_lan
"412523152","2025-05-23 19:02:46","109.123685","18.359834","0",hai_lan
"412523783","2025-05-23 18:53:52","109.124042","18.360301","0",hai_lan
"412524978","2025-05-23 18:38:56","109.123116","18.350505","0",hai_lan
"412521733","2025-05-23 18:47:46","109.122069","18.356319","0",hai_lan
"412523958","2025-05-23 18:51:19","109.12308","18.352182","0",hai_lan
"412524501","2025-05-23 18:48:35","109.122647","18.356426","0",hai_lan
"412524063","2025-05-23 18:48:52","109.123767","18.361486","0",hai_lan
"412542412","2025-05-23 18:53:19","109.1231","18.360272","0",hai_lan
"412481143","2025-05-23 18:53:13","109.12269","18.352649","0",hai_lan
"412523444","2025-05-23 18:41:33","109.122166","18.356401","0",hai_lan
"412542204","2025-05-23 19:02:33","109.12373","18.358364","0",hai_lan
"412520255","2025-05-23 18:43:44","109.121794","18.355711","0",hai_lan
"412523417","2025-05-23 19:00:43","109.719578","18.262443","0",hai_lan
"412542102","2025-05-23 18:47:39","109.123099","18.354171","0",hai_lan
"412524223","2025-05-23 18:35:56","109.130997","18.350857","0",hai_lan
"412541982","2025-05-23 19:02:59","109.124006","18.359378","0",hai_lan
"412542033","2025-05-23 18:33:51","109.12275","18.358387","0",hai_lan
"412523114","2025-05-23 18:04:56","109.122719","18.357803","183.6",hai_lan
"412542099","2025-05-23 18:58:05","109.123948","18.361352","0",hai_lan
"412522883","2025-05-23 18:59:14","109.124932","18.356777","0",hai_lan
"412541989","2025-05-23 18:31:21","109.121189","18.35645","0",hai_lan
"412524336","2025-05-23 18:40:11","109.124505","18.353363","0",hai_lan
"412542724","2025-05-23 18:54:14","109.124235","18.355866","0",hai_lan
"412541969","2025-05-23 18:53:43","109.124021","18.361486","0",hai_lan
"412524495","2025-05-23 18:42:39","109.124682","18.361763","0",hai_lan
"412524971","2025-05-23 18:44:23","109.12261","18.354649","34.8",hai_lan
"412543052","2025-05-23 18:49:43","109.123552","18.357345","0",hai_lan
"412524445","2025-05-23 19:00:03","109.124359","18.34954","230",hai_lan
"412523215","2025-05-23 18:59:31","109.124056","18.36064","0",hai_lan
"412542255","2025-05-23 19:01:04","109.123068","18.360216","0",hai_lan
"412520361","2025-05-23 19:00:42","109.122181","18.350362","0",hai_lan
"412542576","2025-05-23 18:54:55","109.121084","18.356361","0",hai_lan
"412542237","2025-05-23 19:01:08","109.124376","18.361084","0",hai_lan
"412524591","2025-05-23 18:40:47","109.120718","18.355622","0",hai_lan
"412520338","2025-05-23 18:25:09","109.123488","18.358019","0",hai_lan
"412542694","2025-05-23 18:39:07","109.122944","18.35662","0",hai_lan
"412542125","2025-05-23 18:52:12","109.123796","18.358546","0",hai_lan
"412542427","2025-05-23 18:58:17","109.123703","18.353932","0",hai_lan
"412542064","2025-05-23 18:49:01","109.123694","18.358234","0",hai_lan
"412520392","2025-05-23 19:01:53","109.123568","18.353792","0",hai_lan
"412524316","2025-05-23 18:52:16","109.124243","18.353107","0",hai_lan
"412542286","2025-05-23 18:59:24","109.12374","18.359469","0",hai_lan
"412542177","2025-05-23 18:41:42","109.123898","18.361726","0",hai_lan
"412542007","2025-05-23 18:32:21","109.123831","18.358647","0",hai_lan
"412520247","2025-05-23 18:50:41","109.122209","18.350442","59.8",hai_lan
"412542234","2025-05-23 18:16:04","109.123245","18.360483","0",hai_lan
"412524265","2025-05-23 18:49:05","109.122214","18.35052","41.3",hai_lan
"412524074","2025-05-23 18:41:08","109.123519","18.354661","0",hai_lan
"412542961","2025-05-23 18:54:59","109.124511","18.360311","0",hai_lan
"412542049","2025-05-23 19:00:05","109.123918","18.359361","0",hai_lan
"412542101","2025-05-23 18:53:04","109.123878","18.361265","0",hai_lan
"412524616","2025-05-23 18:50:51","109.123194","18.355604","0",hai_lan
"412520117","2025-05-23 19:02:48","109.123737","18.353539","0",hai_lan
"412520115","2025-05-23 18:49:29","109.122971","18.353396","58",hai_lan
"412524084","2025-05-23 18:45:49","109.124273","18.360658","0",hai_lan
"412542718","2025-05-23 18:35:59","109.12334","18.359629","0",hai_lan
"412542013","2025-05-23 18:42:37","109.124122","18.361605","0",hai_lan
"412542909","2025-05-23 18:22:17","109.124754","18.361132","0",hai_lan
"412524071","2025-05-23 18:51:01","109.12432","18.360677","0",hai_lan
"412542429","2025-05-23 18:42:31","109.123801","18.358741","0",hai_lan
"412524367","2025-05-23 18:41:07","109.123158","18.351484","0",hai_lan
"412524972","2025-05-23 18:53:03","109.121738","18.355503","0",hai_lan
"412521632","2025-05-23 18:42:37","109.486352","18.248643","0",hai_lan
"412543036","2025-05-23 19:00:00","109.124229","18.350917","0",hai_lan
"412524953","2025-05-23 18:55:01","109.121963","18.358369","0",hai_lan
"412521174","2025-05-23 19:02:29","109.124368","18.360948","0",hai_lan
"412543028","2025-05-23 18:54:29","109.124264","18.350806","0",hai_lan
"412524321","2025-05-23 18:37:57","109.123561","18.355403","0",hai_lan
"412524974","2025-05-23 19:01:58","109.121921","18.356128","0",hai_lan
"412542554","2025-05-23 19:01:33","109.124128","18.361542","0",hai_lan
"412524064","2025-05-23 18:54:05","109.123529","18.354742","0",hai_lan
"412523887","2025-05-23 19:00:37","109.123075","18.356025","0",hai_lan
"412542714","2025-05-23 18:59:44","109.124524","18.360278","0",hai_lan
"412542112","2025-05-23 18:25:21","109.124035","18.359705","0",hai_lan
"412541995","2025-05-23 18:48:46","109.12321","18.360357","0",hai_lan
"412520373","2025-05-23 18:37:57","109.12299","18.358345","0",hai_lan
"412542001","2025-05-23 18:36:48","109.122665","18.358375","0",hai_lan
"412521095","2025-05-23 18:54:00","109.123488","18.354622","0",hai_lan
"412542034","2025-05-23 18:54:02","109.12282","18.358707","0",hai_lan
"412522249","2025-05-23 18:59:49","109.123418","18.354416","0",hai_lan
"412542227","2025-05-23 18:59:06","109.124386","18.362257","0",hai_lan
"412522038","2025-05-23 19:01:50","109.123728","18.351848","0",hai_lan
"412524343","2025-05-23 18:58:13","109.123656","18.35481","0",hai_lan
"412524686","2025-05-23 18:35:32","109.123164","18.355469","0",hai_lan
"412521365","2025-05-23 18:49:59","109.122345","18.355552","0",hai_lan
"412542111","2025-05-23 19:01:39","109.122862","18.358636","0",hai_lan
"412524365","2025-05-23 18:40:35","109.124375","18.353295","0",hai_lan
"412520391","2025-05-23 18:58:53","109.122149","18.354042","0",hai_lan
"412524936","2025-05-23 18:53:08","109.125306","18.349209","0",hai_lan
"412542074","2025-05-23 18:54:01","109.123866","18.358787","0",hai_lan
"412542054","2025-05-23 19:00:24","109.12393","18.359772","0",hai_lan
"412524536","2025-05-23 18:19:35","109.123243","18.360614","10.5",hai_lan
"412542175","2025-05-23 19:02:00","109.123758","18.361097","0",hai_lan
"412520389","2025-05-23 18:51:45","109.122253","18.354127","0",hai_lan
"412522834","2025-05-23 18:54:42","109.122745","18.359767","0",hai_lan
"412523422","2025-05-23 18:52:06","109.716963","18.263531","0",hai_lan
"412541961","2025-05-23 18:53:44","109.12339","18.360816","0",hai_lan
"412524808","2025-05-23 18:49:20","109.124276","18.361767","0",hai_lan
"412542362","2025-05-23 18:51:01","109.124163","18.361656","0",hai_lan
"412520335","2025-05-23 19:00:11","109.12318","18.35789","242.6",hai_lan
"412542183","2025-05-23 19:02:39","109.123965","18.360597","0",hai_lan
"412542092","2025-05-23 18:41:49","109.123569","18.359124","0",hai_lan
"412542053","2025-05-23 18:51:24","109.12388","18.361307","0",hai_lan
"412542434","2025-05-23 18:50:07","109.709868","18.260652","0",hai_lan
"412541966","2025-05-23 19:02:59","109.123983","18.361881","0",hai_lan
"412523155","2025-05-23 18:25:26","109.122859","18.356514","0",hai_lan
"412520337","2025-05-23 18:40:45","109.123194","18.35433","128.4",hai_lan
"412523882","2025-05-23 18:40:16","109.124261","18.349012","112",hai_lan
"412524597","2025-05-23 18:49:50","109.123584","18.357635","0",hai_lan
"412525036","2025-05-23 18:36:59","109.123489","18.354632","0",hai_lan
"412522951","2025-05-23 18:58:09","109.123064","18.352948","0",hai_lan
"412523368","2025-05-23 19:00:42","109.122796","18.358059","0",hai_lan
"412524216","2025-05-23 18:53:18","109.717141","18.26344","57.1",hai_lan
"412542256","2025-05-23 19:00:26","109.123805","18.361653","0",hai_lan
"412521032","2025-05-23 18:33:12","109.123382","18.354423","0",hai_lan
"412524315","2025-05-23 19:02:25","109.124216","18.353065","0",hai_lan
"412542504","2025-05-23 18:48:04","109.124279","18.360837","0",hai_lan
"412520458","2025-05-23 19:00:08","109.12351","18.359923","83.4",hai_lan
"412525188","2025-05-23 18:50:47","109.120621","18.355372","0",hai_lan
"412521338","2025-05-23 18:47:07","109.122845","18.352065","0",hai_lan
